GEO_ID,NAME,HISPANIC_OR_LATINO_OF_ANY_RACE,WHITE_ALONE_NOT_HISPANIC,BLACK_OR_AFRICAN_AMERICAN_ALONE_NOT_HISPANIC,AMERICAN_INDIAN_OR_ALASKAN_NATIVE_ALONE_NOT_HISPANIC,ASIAN_ALONE_NOT_HISPANIC,NATIVE_HAWAIIAN_OR_PACIFIC_ISLANDER_ALONE_NOT_HISPANIC,SOME_OTHER_RACE_ALONE_NOT_HISPANIC,TWO_RACES_INCLUDING_SOME_OTHER_RACE_NOT_HISPANIC,TWO_OR_MORE_RACES_TWO_RACES_EXCLUDING_SOME_OTHER_RACE_AND_THREE_OR_MORE_RACES_NOT_HISPANIC,
0500000US01003,"Baldwin County, Alabama",4.7,83,8.2,0.8,1,0,0.3,0,2.1,100.1
0500000US01015,"Calhoun County, Alabama",4.1,N,N,N,N,N,N,N,N,4.1
0500000US01043,"Cullman County, Alabama",4.5,N,N,N,N,N,N,N,N,4.5
0500000US01049,"DeKalb County, Alabama",15.1,N,N,N,N,N,N,N,N,15.1
0500000US01051,"Elmore County, Alabama",3.2,72.9,21.9,0.3,1.1,0,0.1,0.1,0.5,100.1
0500000US01055,"Etowah County, Alabama",4.1,77.3,15.7,0.3,0.8,0,0.2,0,1.7,100.1
0500000US01069,"Houston County, Alabama",3.4,64.7,28,0.1,0.9,0,1.4,0,1.5,100
0500000US01073,"Jefferson County, Alabama",4.1,49.4,43.1,0.2,1.7,0,0.3,0,1.2,100
0500000US01077,"Lauderdale County, Alabama",2.9,N,N,N,N,N,N,N,N,2.9
0500000US01081,"Lee County, Alabama",3.7,67.7,22.7,0.4,4.1,0,0,0,1.5,100.1
0500000US01083,"Limestone County, Alabama",6.2,75.8,13.7,0.3,1.7,0.1,0.3,0,1.9,100
0500000US01089,"Madison County, Alabama",5.2,64.3,24.4,0.6,2.8,0,0.2,0.1,2.4,100
0500000US01095,"Marshall County, Alabama",14.7,79.6,3.9,0.1,0.6,0,0.2,0,0.8,99.9
0500000US01097,"Mobile County, Alabama",3,56.4,36,0.7,1.8,0,0.1,0.1,1.9,100
0500000US01101,"Montgomery County, Alabama",3.7,32.6,58.2,0.3,3.2,0,0.2,0.2,1.7,100.1
0500000US01103,"Morgan County, Alabama",8.7,N,N,N,N,N,N,N,N,8.7
0500000US01115,"St. Clair County, Alabama",0.7,N,N,N,N,N,N,N,N,0.7
0500000US01117,"Shelby County, Alabama",5.8,77.1,12.5,0.4,1.9,0,0.1,0,2.2,100
0500000US01121,"Talladega County, Alabama",2.4,62.1,32.5,0.5,0.5,0,0,0.1,1.9,100
0500000US01125,"Tuscaloosa County, Alabama",4,60.7,32.8,0,1.7,0.1,0.1,0.1,0.6,100.1
0500000US01127,"Walker County, Alabama",2.6,N,N,N,N,N,N,N,N,2.6
0500000US02020,"Anchorage Municipality, Alaska",9.4,57,5.1,8.7,9,2.8,0.1,0.1,8,100.2
0500000US02090,"Fairbanks North Star Borough, Alaska",8.2,68.9,3.9,9.1,3.2,0.1,0.3,0.4,5.8,99.9
0500000US02170,"Matanuska-Susitna Borough, Alaska",5.2,78.6,1.6,7.3,1.6,0.2,0.1,0,5.6,100.2
0500000US04001,"Apache County, Arizona",6.6,18,1,73.1,0.2,0,0.3,0,0.8,100
0500000US04003,"Cochise County, Arizona",35.7,54.8,3.7,0.3,2.1,0.1,0,0,3.3,100
0500000US04005,"Coconino County, Arizona",14.3,54.1,0.9,25.4,1.9,0.3,0,0,3.1,100
0500000US04013,"Maricopa County, Arizona",31.4,54.3,5.5,1.7,4.2,0.2,0.2,0.1,2.4,100
0500000US04015,"Mohave County, Arizona",16.9,76.6,0.7,1.8,0.9,0.1,0,0.1,2.9,100
0500000US04017,"Navajo County, Arizona",11.5,41.5,0.9,44.2,0.1,0.1,0.1,0,1.6,100
0500000US04019,"Pima County, Arizona",37.8,51.1,3.3,2.4,2.8,0.2,0.1,0.1,2.3,100.1
0500000US04021,"Pinal County, Arizona",30.7,56,4.4,4.7,1.3,0.3,0.1,0,2.5,100
0500000US04025,"Yavapai County, Arizona",14.7,80,0.8,1.7,1,0,0.2,0,1.5,99.9
0500000US04027,"Yuma County, Arizona",64.6,30.1,1.3,1,1.1,0.1,0,0,1.7,99.9
0500000US05007,"Benton County, Arkansas",17.1,72.6,1.5,1.5,3.8,0.7,0,0.1,2.7,100
0500000US05031,"Craighead County, Arkansas",5.3,74.7,16.3,0.2,1.4,0,0.1,0.1,2,100.1
0500000US05045,"Faulkner County, Arkansas",4.2,79.9,12,0.2,1.1,0,0,0,2.6,100
0500000US05051,"Garland County, Arkansas",5.9,81.6,8.3,0.8,1,0,0.1,0,2.3,100
0500000US05069,"Jefferson County, Arkansas",1.7,N,N,N,N,N,N,N,N,1.7
0500000US05085,"Lonoke County, Arkansas",4.6,85.8,5.7,0.3,0.6,0.6,0,0,2.4,100
0500000US05119,"Pulaski County, Arkansas",6.2,51.5,37.3,0.3,2.2,0,0.2,0,2.3,100
0500000US05125,"Saline County, Arkansas",5.1,83.4,7.3,0.2,1.4,0,0,0,2.5,99.9
0500000US05131,"Sebastian County, Arkansas",14.8,68.7,7,0.7,4.4,0,0.3,0,4.2,100.1
0500000US05143,"Washington County, Arkansas",17.1,69.9,3.7,0.9,2.5,2.8,0.5,0.1,2.4,99.9
0500000US05145,"White County, Arkansas",4.4,87.7,5.7,1,0,0,0,0,1.1,99.9
0500000US06001,"Alameda County, California",22.3,30.4,10.3,0.3,30.9,0.8,0.5,0.2,4.2,99.9
0500000US06007,"Butte County, California",17.2,70.8,1.7,0.5,4.5,0.2,0.1,0,5,100
0500000US06013,"Contra Costa County, California",26,42.5,8.6,0.2,17.6,0.3,0.4,0.2,4.1,99.9
0500000US06017,"El Dorado County, California",13.2,77.1,0.7,1,5.2,0.1,0.2,0.1,2.4,100
0500000US06019,"Fresno County, California",53.8,28.6,4.4,0.6,10.1,0.2,0.3,0,2.1,100.1
0500000US06023,"Humboldt County, California",12.1,73.8,1.3,4.6,2.6,0.4,0,0,5.2,100
0500000US06025,"Imperial County, California",85,10,2,1.2,1.3,0,0,0,0.5,100
0500000US06029,"Kern County, California",54.6,32.8,5,0.5,4.6,0.1,0,0.3,2.2,100.1
0500000US06031,"Kings County, California",55.3,31.3,5.3,0.9,3.2,0.3,0,0,3.6,99.9
0500000US06033,"Lake County, California",22,68.9,1.9,3.3,0.8,0,0,0,3,99.9
0500000US06037,"Los Angeles County, California",48.6,25.9,7.7,0.2,14.5,0.2,0.4,0.1,2.2,99.8
0500000US06039,"Madera County, California",58.8,33.1,2.4,0.9,2.2,0.7,0.1,0,1.8,100
0500000US06041,"Marin County, California",16.3,70.9,2.6,0,6.3,0.1,0.3,0,3.5,100
0500000US06045,"Mendocino County, California",25.8,64.3,0.9,4.5,2.2,0.2,0.1,0,1.9,99.9
0500000US06047,"Merced County, California",61,26.4,3.2,0.4,7.3,0,0,0.1,1.6,100
0500000US06053,"Monterey County, California",59.4,29.1,2.6,0.1,5.8,0.2,0.2,0.2,2.4,100
0500000US06055,"Napa County, California",34.6,51.5,2.2,0.5,8.2,0.2,0.3,0.1,2.5,100.1
0500000US06057,"Nevada County, California",9.8,84.7,0.3,0.3,1.2,0.3,0,0,3.4,100
0500000US06059,"Orange County, California",34,39.7,1.6,0.2,21,0.3,0.2,0.1,2.8,99.9
0500000US06061,"Placer County, California",14.4,71.4,1.9,0.4,8.2,0.2,0,0.2,3.3,100
0500000US06065,"Riverside County, California",50,33.9,6.1,0.4,6.7,0.3,0.3,0,2.2,99.9
0500000US06067,"Sacramento County, California",23.6,43.7,9.3,0.4,15.9,1.2,0.2,0.2,5.5,100
0500000US06071,"San Bernardino County, California",54.4,27.1,7.7,0.4,7.2,0.3,0.2,0.1,2.4,99.8
0500000US06073,"San Diego County, California",34.1,44.8,4.7,0.4,11.8,0.4,0.2,0.1,3.5,100
0500000US06075,"San Francisco County, California",15.2,39.8,5.2,0.3,34.6,0.4,0.4,0.2,3.8,99.9
0500000US06077,"San Joaquin County, California",42,30.3,6.6,0.3,15.8,0.6,0.1,0.3,3.8,99.8
0500000US06079,"San Luis Obispo County, California",22.9,68.1,1.7,0.5,3.7,0.1,0.4,0.1,2.5,100
0500000US06081,"San Mateo County, California",24,38.4,2.1,0.2,29.7,1.2,0.6,0.3,3.6,100.1
0500000US06083,"Santa Barbara County, California",46,43.6,2,0.4,5.6,0.1,0.1,0.1,2,99.9
0500000US06085,"Santa Clara County, California",25,30.4,2.4,0.2,37.6,0.4,0.3,0.2,3.5,100
0500000US06087,"Santa Cruz County, California",34,56.4,0.8,0.2,5,0,0.3,0.1,3.1,99.9
0500000US06089,"Shasta County, California",10.5,79,1,2,3.5,0.3,0.1,0,3.5,99.9
0500000US06095,"Solano County, California",27.3,37,13.4,0.3,15.3,0.8,0.2,0.1,5.6,100
0500000US06097,"Sonoma County, California",27.3,62.7,1.3,0.5,4.1,0.4,0.1,0.1,3.4,99.9
0500000US06099,"Stanislaus County, California",47.6,40.3,2.9,0.4,5.7,0.5,0.1,0.2,2.4,100.1
0500000US06101,"Sutter County, California",31.9,44.8,1.8,0.7,16.1,0.2,0.1,0,4.3,99.9
0500000US06103,"Tehama County, California",25.8,67.2,0.3,0.7,1.8,0,0,0.1,4,99.9
0500000US06107,"Tulare County, California",65.6,27.6,1.2,0.6,3.4,0.2,0.1,0.1,1.4,100.2
0500000US06111,"Ventura County, California",43.2,44.5,1.8,0.2,7.4,0.1,0.2,0.1,2.5,100
0500000US06113,"Yolo County, California",31.9,45.8,2.6,0.8,14.3,0.5,0.2,0.1,3.7,99.9
0500000US06115,"Yuba County, California",29.1,53.9,3.3,0.2,5.1,0.8,0,0.1,7.3,99.8
0500000US08001,"Adams County, Colorado",40.8,48.9,3.5,0.4,3.8,0.1,0.1,0.2,2.3,100.1
0500000US08005,"Arapahoe County, Colorado",19.8,59.2,10.8,0.4,6.1,0.2,0.3,0.1,3,99.9
0500000US08013,"Boulder County, Colorado",14,77.1,1.1,0.3,4.9,0,0.2,0.3,2.1,100
0500000US08014,"Broomfield County, Colorado",12.7,76.4,1.2,0.2,7.2,0,0.1,0,2.3,100.1
0500000US08031,"Denver County, Colorado",29.3,54.8,8.5,0.4,3.6,0.1,0.2,0.1,3.1,100.1
0500000US08035,"Douglas County, Colorado",9.1,81.1,1.6,0.4,5.2,0,0.2,0,2.2,99.8
0500000US08041,"El Paso County, Colorado",17.7,68.3,5.7,0.5,2.7,0.3,0.2,0.2,4.3,99.9
0500000US08059,"Jefferson County, Colorado",15.6,77.7,1.1,0.6,2.6,0,0,0,2.2,99.8
0500000US08069,"Larimer County, Colorado",11.9,82,0.9,0.6,2,0.1,0.2,0.1,2.3,100.1
0500000US08077,"Mesa County, Colorado",14.8,81,0.4,0.6,1.1,0,0,0.1,2,100
0500000US08101,"Pueblo County, Colorado",43.2,51.7,1.9,0.8,0.7,0.1,0,0.1,1.5,100
0500000US08123,"Weld County, Colorado",30,64.9,1.2,0.2,1.4,0.1,0,0,2.3,100.1
0500000US09001,"Fairfield County, Connecticut",20.5,60.5,11.1,0,5.3,0.1,0.4,0.3,1.7,99.9
0500000US09003,"Hartford County, Connecticut",18.8,59.4,12.8,0.2,5.8,0.1,0.5,0.2,2.2,100
0500000US09005,"Litchfield County, Connecticut",7.1,87.1,1.5,0.1,2.2,0,0.3,0.1,1.5,99.9
0500000US09007,"Middlesex County, Connecticut",6.6,83.1,4.8,0.1,3.2,0,0.2,0.1,2,100.1
0500000US09009,"New Haven County, Connecticut",19.1,61.5,12.8,0.1,4,0,0.2,0,2.3,100
0500000US09011,"New London County, Connecticut",11.1,74.9,5.8,0.7,4.3,0,0.3,0.1,2.8,100
0500000US09013,"Tolland County, Connecticut",5.9,83.8,3.1,0,5,0,0.2,0,2,100
0500000US09015,"Windham County, Connecticut",12.4,82,2,0.1,1.4,0,0,0,2,99.9
0500000US10001,"Kent County, Delaware",7.4,60.2,25.7,0.7,1.6,0.1,0.2,0.2,3.9,100
0500000US10003,"New Castle County, Delaware",10.4,56,25,0.2,5.4,0,0.4,0.1,2.5,100
0500000US10005,"Sussex County, Delaware",9.3,74.8,11.9,0.3,1.4,0,0.6,0,1.7,100
0500000US11001,"District of Columbia, District of Columbia",11.3,37.3,44.1,0.2,4,0,0.3,0.1,2.6,99.9
0500000US12001,"Alachua County, Florida",10.5,60.2,18.7,0.2,5.8,0.5,0.5,0.1,3.4,99.9
0500000US12005,"Bay County, Florida",6.7,75.9,9.6,0.2,2.3,0.8,1.1,0.6,2.9,100.1
0500000US12009,"Brevard County, Florida",10.9,73.6,8.4,0.2,2.5,0.1,0.7,0,3.5,99.9
0500000US12011,"Broward County, Florida",31.1,34.5,27.8,0.2,3.7,0.1,0.5,0.1,2,100
0500000US12015,"Charlotte County, Florida",7.7,83.8,5.3,0.4,1.3,0.1,0.1,0.1,1.2,100
0500000US12017,"Citrus County, Florida",6.1,87.2,3.1,0.3,1.7,0.1,0.3,0,1.2,100
0500000US12019,"Clay County, Florida",10.4,71.6,11.8,0.2,2.8,0,0.5,0,2.6,99.9
0500000US12021,"Collier County, Florida",28.6,62.1,6.7,0.1,1.6,0,0.1,0,0.8,100
0500000US12023,"Columbia County, Florida",6.7,71.3,18.2,0,1.8,0,0.5,0,1.4,99.9
0500000US12031,"Duval County, Florida",10.5,51.6,29.4,0.3,4.6,0,0.4,0.1,3,99.9
0500000US12033,"Escambia County, Florida",5.9,63.8,22,0.2,2.3,0,0.6,0,5.1,99.9
0500000US12035,"Flagler County, Florida",10.9,74.3,8.9,0.3,2.8,0.7,0.1,0.1,1.9,100
0500000US12053,"Hernando County, Florida",14.8,76,5.2,0.2,1,0.1,0.6,0,2.1,100
0500000US12055,"Highlands County, Florida",21.1,N,N,N,N,N,N,N,N,21.1
0500000US12057,"Hillsborough County, Florida",29.7,47.3,15.9,0.1,4,0.1,0.5,0.3,2.2,100.1
0500000US12061,"Indian River County, Florida",12.7,74.7,9.7,0.1,1.1,0,0.2,0,1.4,99.9
0500000US12069,"Lake County, Florida",16.7,68,10.2,0.3,2.1,0,0.7,0.1,1.9,100
0500000US12071,"Lee County, Florida",22.5,66,8.2,0.2,1.6,0.1,0.2,0.1,1.2,100.1
0500000US12073,"Leon County, Florida",6.7,55.8,31,0.2,3.7,0,0.3,0.1,2.3,100.1
0500000US12081,"Manatee County, Florida",16.9,70.3,8.9,0.1,2.1,0,0.4,0,1.3,100
0500000US12083,"Marion County, Florida",14.1,69.4,13,0.4,1.1,0,0.2,0,1.7,99.9
0500000US12085,"Martin County, Florida",14.2,77.7,4.8,0,1.5,0,0,0,1.8,100
0500000US12086,"Miami-Dade County, Florida",69.4,12.8,15.3,0.1,1.5,0,0.3,0,0.6,100
0500000US12087,"Monroe County, Florida",25.3,64.9,7.4,0,1.5,0,0.2,0,0.7,100
0500000US12089,"Nassau County, Florida",4.7,N,N,N,N,N,N,N,N,4.7
0500000US12091,"Okaloosa County, Florida",9.7,73,8.1,0.1,3,0,0.1,0,5.8,99.8
0500000US12095,"Orange County, Florida",32.7,38.8,19.9,0.2,5.3,0.1,0.8,0.1,2.1,100
0500000US12097,"Osceola County, Florida",55.8,29.8,9.4,0,2.7,0,0.3,0.2,1.7,99.9
0500000US12099,"Palm Beach County, Florida",23.4,53.2,18.4,0.1,2.7,0,0.4,0.1,1.7,100
0500000US12101,"Pasco County, Florida",16.5,72.6,5.7,0.3,2.7,0.1,0.1,0.1,2,100.1
0500000US12103,"Pinellas County, Florida",10.2,73.4,9.8,0.2,3.3,0,0.3,0.1,2.7,100
0500000US12105,"Polk County, Florida",24.6,56.6,14.6,0.4,1.7,0,0.5,0.2,1.4,100
0500000US12107,"Putnam County, Florida",10.2,71.2,16.1,0.7,0.7,0,0,0,1.1,100
0500000US12109,"St. Johns County, Florida",7.5,81.6,5.4,0.3,2.4,0.1,0.3,0.2,2.2,100
0500000US12111,"St. Lucie County, Florida",19.9,55.9,18.1,0.3,2.1,0.1,0.5,0,3.2,100.1
0500000US12113,"Santa Rosa County, Florida",5.9,81.9,6.1,0.3,2.4,0.4,0.2,0,2.9,100.1
0500000US12115,"Sarasota County, Florida",9.6,82.7,4,0.1,1.6,0,0.1,0,1.9,100
0500000US12117,"Seminole County, Florida",22.5,58.4,11.4,0.1,4.7,0,0.8,0.1,2.1,100.1
0500000US12119,"Sumter County, Florida",5.9,85.1,6.1,1.1,1,0,0,0.2,0.5,99.9
0500000US12127,"Volusia County, Florida",15,70.6,10.2,0.1,1.9,0,0.2,0,2,100
0500000US12131,"Walton County, Florida",6.5,83.8,3.9,1,0,0,0.3,0.2,4.2,99.9
0500000US13013,"Barrow County, Georgia",12.2,69.3,12.1,0,3.8,0,0,0,2.6,100
0500000US13015,"Bartow County, Georgia",9.2,N,N,N,N,N,N,N,N,9.2
0500000US13021,"Bibb County, Georgia",3.5,37.4,54.3,0,2.2,0.1,0.2,0.2,2.1,100
0500000US13031,"Bulloch County, Georgia",4.2,63,28.1,0.3,1,0,0.3,0,3.1,100
0500000US13045,"Carroll County, Georgia",7.2,69.5,20.1,0.5,1,0,1,0.1,0.6,100
0500000US13047,"Catoosa County, Georgia",2.7,90.5,2.1,0.4,1.5,0,0,0,2.9,100.1
0500000US13051,"Chatham County, Georgia",6.7,47.6,40.6,0.3,2.8,0,0.5,0,1.5,100
0500000US13057,"Cherokee County, Georgia",11.1,77,7.5,0,1.8,0,0.8,0.1,1.7,100
0500000US13059,"Clarke County, Georgia",11,54.8,27.8,0,4.2,0,0.4,0,1.8,100
0500000US13063,"Clayton County, Georgia",13.4,9.1,68.5,0,5,0.4,0.3,0,3.2,99.9
0500000US13067,"Cobb County, Georgia",13.3,50.6,27.2,0.2,5.4,0,0.8,0.2,2.2,99.9
0500000US13073,"Columbia County, Georgia",7.1,67.2,16.7,0,3,0,0.6,0.8,4.6,100
0500000US13077,"Coweta County, Georgia",7.3,70.3,18.3,0,2.3,0,0.2,0,1.5,99.9
0500000US13089,"DeKalb County, Georgia",8.5,29.2,53.6,0.3,6.2,0,0.4,0.1,1.7,100
0500000US13095,"Dougherty County, Georgia",3.1,N,N,N,N,N,N,N,N,3.1
0500000US13097,"Douglas County, Georgia",10.2,37.4,47.7,0.1,1.7,0,0.3,0,2.6,100
0500000US13113,"Fayette County, Georgia",7.5,60.5,24.1,0,4,0.4,1.6,0,1.9,100
0500000US13115,"Floyd County, Georgia",11.6,70.5,13.1,0,0.7,0,0,1,3.2,100.1
0500000US13117,"Forsyth County, Georgia",9.7,68.7,3.8,0.4,14.7,0,0.3,0.3,2.1,100
0500000US13121,"Fulton County, Georgia",7.2,39.3,43.8,0.2,7.1,0.1,0.5,0.1,1.7,100
0500000US13127,"Glynn County, Georgia",6.8,63.5,27.4,0.6,0.8,0.2,0.1,0,0.5,99.9
0500000US13135,"Gwinnett County, Georgia",21.7,35.2,27.8,0.3,12.1,0,0.3,0.2,2.4,100
0500000US13139,"Hall County, Georgia",29.1,60.1,6.5,0.1,1.8,0,0.2,0,2.2,100
0500000US13151,"Henry County, Georgia",7.2,40,47.2,0,3.3,0,0,0.1,2.2,100
0500000US13153,"Houston County, Georgia",6.6,54.6,30.9,0,3.7,0,0.3,0,3.9,100
0500000US13157,"Jackson County, Georgia",8.4,79.4,7.1,0,1.9,0.2,0.6,0.7,1.7,100
0500000US13185,"Lowndes County, Georgia",6,52.5,37.4,0.7,1.1,0.2,0.4,0,1.7,100
0500000US13215,"Muscogee County, Georgia",7.7,39.6,45.9,0.5,2.9,0.1,0.2,0,3.1,100
0500000US13217,"Newton County, Georgia",6.1,N,N,N,N,N,N,N,N,6.1
0500000US13223,"Paulding County, Georgia",7.1,68.4,18,0.2,1.4,0,0,0,4.9,100
0500000US13245,"Richmond County, Georgia",5.1,33.4,55.3,0.1,1.5,0,1.4,0.2,3.1,100.1
0500000US13247,"Rockdale County, Georgia",10.5,28.9,55.2,0.1,2.1,1,0.3,0.3,1.6,100
0500000US13255,"Spalding County, Georgia",5,N,N,N,N,N,N,N,N,5
0500000US13285,"Troup County, Georgia",3.7,55.5,36.4,0.3,2.5,0,0.3,0,1.2,99.9
0500000US13295,"Walker County, Georgia",1.8,90.3,6.1,0.1,0.9,0,0.1,0.2,0.7,100.2
0500000US13297,"Walton County, Georgia",4.9,73.1,18.2,0.2,1.9,0,0.1,0,1.7,100.1
0500000US13313,"Whitfield County, Georgia",36.3,57.1,3.4,0.2,1.5,0,0.1,0.1,1.3,100
0500000US15001,"Hawaii County, Hawaii",12.9,30,0.4,0.1,23.2,10.8,0.1,0.2,22.3,100
0500000US15003,"Honolulu County, Hawaii",10,17.8,2.4,0.2,43.3,9.6,0.2,0.1,16.4,100
0500000US15007,"Kauai County, Hawaii",11.4,29.1,0.2,0.3,28.9,9.6,0.2,0,20.5,100.2
0500000US15009,"Maui County, Hawaii",11.6,29.8,0.4,0.4,30,11.1,0.8,0.2,15.7,100
0500000US16001,"Ada County, Idaho",8.5,84.1,1.4,0.5,2.3,0.1,0.2,0,2.9,100
0500000US16005,"Bannock County, Idaho",8.9,83.2,0.8,2.4,1.9,0,0.1,0,2.6,99.9
0500000US16019,"Bonneville County, Idaho",13.4,82.5,0.3,0.3,1.1,0,0,0,2.4,100
0500000US16027,"Canyon County, Idaho",25.6,69.6,0.5,0.5,1,0.1,0.4,0,2.3,100
0500000US16055,"Kootenai County, Idaho",4.9,90.3,0.2,0.8,1.1,0,0,0.1,2.6,100
0500000US16083,"Twin Falls County, Idaho",17.1,N,N,N,N,N,N,N,N,17.1
0500000US17001,"Adams County, Illinois",1.8,N,N,N,N,N,N,N,N,1.8
0500000US17019,"Champaign County, Illinois",6.3,66.3,13.3,0.1,10.8,0.1,0.3,0.1,2.8,100.1
0500000US17031,"Cook County, Illinois",25.6,41.8,22.7,0.1,7.6,0,0.2,0.1,1.8,99.9
0500000US17037,"DeKalb County, Illinois",11.7,75.8,7.4,0.1,1.9,0,0,0,3.1,100
0500000US17043,"DuPage County, Illinois",14.6,65.9,4.7,0,12.2,0,0.2,0.2,2.2,100
0500000US17089,"Kane County, Illinois",32.4,56.1,5.3,0,4,0.1,0.5,0.1,1.6,100.1
0500000US17091,"Kankakee County, Illinois",10.8,71.6,15.6,0,0.6,0,0,0,1.3,99.9
0500000US17093,"Kendall County, Illinois",20,67.4,8.1,0,2.5,0,0,0,1.9,99.9
0500000US17097,"Lake County, Illinois",22.4,60.3,6.5,0.1,7.9,0,0.3,0.1,2.4,100
0500000US17099,"LaSalle County, Illinois",10.3,84.7,3.1,0,0.8,0,0,0,1.2,100.1
0500000US17111,"McHenry County, Illinois",13.9,80,1.4,0.1,2.9,0,0.1,0,1.7,100.1
0500000US17113,"McLean County, Illinois",5.2,79.2,8.1,0.1,5,0.1,0,0,2.3,100
0500000US17115,"Macon County, Illinois",2.4,75.7,17.7,0.1,1.2,0.1,0.1,0,2.7,100
0500000US17119,"Madison County, Illinois",3.4,84.6,8.3,0.3,1.3,0,0.1,0,2,100
0500000US17143,"Peoria County, Illinois",5.1,69.3,18.4,0,4.3,0,0.1,0,2.8,100
0500000US17161,"Rock Island County, Illinois",13.2,71,9.8,0.3,2.2,0,0.3,0.1,3.1,100
0500000US17163,"St. Clair County, Illinois",4.3,61.2,29.2,0.3,1.2,0,0,0,3.7,99.9
0500000US17167,"Sangamon County, Illinois",2.4,79.8,12.9,0.1,2,0.1,0.3,0.1,2.4,100.1
0500000US17179,"Tazewell County, Illinois",2.5,93.7,1.1,0,1,0,0,0.1,1.6,100
0500000US17183,"Vermilion County, Illinois",5.3,77.8,14.4,0.3,0.8,0,0,0,1.4,100
0500000US17197,"Will County, Illinois",18.2,62.4,11.4,0,5.7,0,0.1,0,2.1,99.9
0500000US17199,"Williamson County, Illinois",1.7,89.2,4.5,0.2,1.8,0,0.1,0,2.5,100
0500000US17201,"Winnebago County, Illinois",13.5,67.6,13.4,0.1,2.7,0,0.3,0,2.3,99.9
0500000US18003,"Allen County, Indiana",7.7,72.8,11,0.2,4.5,0,0.3,0,3.3,99.8
0500000US18005,"Bartholomew County, Indiana",7.2,78.6,0.9,0,8.5,0,1.9,0,2.8,99.9
0500000US18011,"Boone County, Indiana",3.2,89.7,2.3,0.1,4.3,0,0,0,0.5,100.1
0500000US18019,"Clark County, Indiana",5.7,82.4,7.6,0,1.3,0,0,0,3,100
0500000US18035,"Delaware County, Indiana",2.6,86.6,6.3,0.1,1.3,0,0,0,3.1,100
0500000US18039,"Elkhart County, Indiana",16.8,74,5.8,0.1,1.2,0,0.2,0,2,100.1
0500000US18043,"Floyd County, Indiana",3.5,87.4,4.7,0.2,0.5,0,0,0.1,3.5,99.9
0500000US18053,"Grant County, Indiana",4.4,84.5,6.5,0,1.1,0,0.1,0.1,3.2,99.9
0500000US18057,"Hamilton County, Indiana",4.3,82.7,4.3,0.2,6.7,0,0.1,0.1,1.6,100
0500000US18059,"Hancock County, Indiana",2.6,N,N,N,N,N,N,N,N,2.6
0500000US18063,"Hendricks County, Indiana",4.3,82.3,7.1,0.1,3.5,0,0.6,0.1,2,100
0500000US18067,"Howard County, Indiana",1.6,N,N,N,N,N,N,N,N,1.6
0500000US18081,"Johnson County, Indiana",3.8,87.4,2.3,0,4,0.1,0.6,0.1,1.9,100.2
0500000US18085,"Kosciusko County, Indiana",8.2,87.4,1.5,0,1.5,0,0.2,0.1,1.2,100.1
0500000US18089,"Lake County, Indiana",19.6,53.8,23.4,0.3,1.6,0,0.2,0,1.1,100
0500000US18091,"LaPorte County, Indiana",6.9,78.7,10.9,0.3,0.7,0,0.1,0,2.4,100
0500000US18095,"Madison County, Indiana",4.4,84.5,8.4,0.1,0.5,0,0.5,0,1.7,100.1
0500000US18097,"Marion County, Indiana",10.9,53.9,28.1,0.2,3.8,0,0.2,0.1,2.8,100
0500000US18105,"Monroe County, Indiana",3.6,82.8,3.3,0.2,7.2,0,0.2,0,2.8,100.1
0500000US18109,"Morgan County, Indiana",1.4,N,N,N,N,N,N,N,N,1.4
0500000US18127,"Porter County, Indiana",10.4,82.3,4,0.2,1.4,0.1,0.2,0,1.4,100
0500000US18141,"St. Joseph County, Indiana",9.1,71.3,12.5,0.3,2.6,0,0.7,0.1,3.4,100
0500000US18157,"Tippecanoe County, Indiana",8.7,74.6,5.8,0.3,8.1,0,0.2,0.2,2.1,100
0500000US18163,"Vanderburgh County, Indiana",2.8,83,9.6,0,1.6,0.6,0,0,2.2,99.8
0500000US18167,"Vigo County, Indiana",2.8,85.1,7,0.2,1.7,0.1,0,0.1,3.1,100.1
0500000US18177,"Wayne County, Indiana",3.2,87.3,4.5,0,1.5,0,0.5,0,3,100
0500000US19013,"Black Hawk County, Iowa",4.6,80.5,9.8,0.1,2,0,0,0.1,3,100.1
0500000US19049,"Dallas County, Iowa",6.3,84.6,2.9,0,5,0,0.1,0.2,1,100.1
0500000US19061,"Dubuque County, Iowa",2.6,90.3,3.9,0.2,1,0.6,0,0,1.3,99.9
0500000US19103,"Johnson County, Iowa",5.8,78,7.1,0.3,6,0.1,0,0,2.8,100.1
0500000US19113,"Linn County, Iowa",3.4,84.5,5.6,0.3,2.5,0,0.7,0,3,100
0500000US19153,"Polk County, Iowa",8.7,77,7.6,0.3,4.8,0,0,0,1.6,100
0500000US19155,"Pottawattamie County, Iowa",7.9,87.3,1.9,0.3,1.3,0,0,0,1.3,100
0500000US19163,"Scott County, Iowa",7,79.5,7.5,0.4,3.1,0,0,0.1,2.5,100.1
0500000US19169,"Story County, Iowa",3.7,83.5,3.1,0.3,6.8,0,0,0.2,2.5,100.1
0500000US19193,"Woodbury County, Iowa",17.4,71,3.8,1.7,2.7,0,0.1,0,3.3,100
0500000US20015,"Butler County, Kansas",5.1,88.1,2.7,0.4,1.8,0,0,0,1.8,99.9
0500000US20045,"Douglas County, Kansas",6.5,78.1,3,1.6,5.5,0,0.2,0,5.1,100
0500000US20091,"Johnson County, Kansas",7.9,79.3,4.7,0.1,5.2,0,0.1,0,2.6,99.9
0500000US20103,"Leavenworth County, Kansas",7.3,78.6,8.1,1.1,1.3,0,0.7,0.1,2.7,99.9
0500000US20161,"Riley County, Kansas",8.4,76.4,3.1,2,4.3,1.3,0,0,4.4,99.9
0500000US20173,"Sedgwick County, Kansas",15,67.4,8.4,0.5,4.3,0,0.2,0.1,4.1,100
0500000US20177,"Shawnee County, Kansas",12.8,73.4,9.2,0.7,1.2,0,0.2,0.1,2.3,99.9
0500000US20209,"Wyandotte County, Kansas",29.8,40.2,21.5,0.5,5.3,0.1,0,0,2.6,100
0500000US21015,"Boone County, Kentucky",4.4,86.9,2,0,2.8,0,1.7,0,2.2,100
0500000US21029,"Bullitt County, Kentucky",2.3,N,N,N,N,N,N,N,N,2.3
0500000US21037,"Campbell County, Kentucky",2.2,92.1,2.5,0.1,0.9,0.2,0.1,0,2,100.1
0500000US21047,"Christian County, Kentucky",8.1,65.2,22.3,0,1.5,1.2,0,0,1.7,100
0500000US21059,"Daviess County, Kentucky",3.3,87.4,2.4,0.3,4.7,0,0.2,0,1.6,99.9
0500000US21067,"Fayette County, Kentucky",7.4,70.6,14.8,0,4.1,0,0.1,0,2.9,99.9
0500000US21093,"Hardin County, Kentucky",5.8,75.7,11.6,0,2.5,0.3,0.1,0,4,100
0500000US21111,"Jefferson County, Kentucky",5.9,66.5,22,0.2,3,0.1,0.1,0,2.2,100
0500000US21117,"Kenton County, Kentucky",3.4,88.2,4,0.1,1.3,0,0,0.1,2.9,100
0500000US21145,"McCracken County, Kentucky",2.7,83,8.1,1.1,1.1,0,0,0,3.9,99.9
0500000US21151,"Madison County, Kentucky",2.7,89.4,3.9,0.3,0.6,1.3,0.1,0,1.8,100.1
0500000US21185,"Oldham County, Kentucky",4,88.2,5,0,1.7,0,0,0,1,99.9
0500000US21227,"Warren County, Kentucky",5.6,77.4,8.8,0.4,4.4,0.2,0.2,0,3,100
0500000US22005,"Ascension Parish, Louisiana",6,N,N,N,N,N,N,N,N,6
0500000US22015,"Bossier Parish, Louisiana",6.9,65.9,23.1,0.7,2.1,0,0.2,0,1.1,100
0500000US22017,"Caddo Parish, Louisiana",2.9,44.3,49.8,0.4,1.2,0.2,0,0.1,1.1,100
0500000US22019,"Calcasieu Parish, Louisiana",4.1,66.5,25.1,0,1.6,0,0.3,0,2.3,99.9
0500000US22033,"East Baton Rouge Parish, Louisiana",4.4,43.8,47.1,0.1,3.2,0,0.2,0.1,1.1,100
0500000US22045,"Iberia Parish, Louisiana",4.3,58.6,32.7,0.1,2.5,0,0.1,0,1.8,100.1
0500000US22051,"Jefferson Parish, Louisiana",14.9,51.8,26.8,0.3,4.5,0,0.2,0.1,1.4,100
0500000US22055,"Lafayette Parish, Louisiana",4.6,65.2,26.6,0.3,1.8,0,0.3,0,1,99.8
0500000US22057,"Lafourche Parish, Louisiana",4.4,76.8,13.9,2,0.6,0,0,0,2.4,100.1
0500000US22063,"Livingston Parish, Louisiana",4.1,N,N,N,N,N,N,N,N,4.1
0500000US22071,"Orleans Parish, Louisiana",5.5,30.7,58.5,0.2,2.8,0,0.4,0.1,1.8,100
0500000US22073,"Ouachita Parish, Louisiana",2.2,56.6,37.7,0.2,0.7,0,1.3,0,1.3,100
0500000US22079,"Rapides Parish, Louisiana",3.2,61,31.7,0.2,1.3,0,0.1,0,2.6,100.1
0500000US22097,"St. Landry Parish, Louisiana",2.4,N,N,N,N,N,N,N,N,2.4
0500000US22103,"St. Tammany Parish, Louisiana",5.9,77.9,12.6,0.7,1.4,0,0.2,0,1.5,100.2
0500000US22105,"Tangipahoa Parish, Louisiana",4.4,63.1,29.2,0,0.7,0,0,0,2.6,100
0500000US22109,"Terrebonne Parish, Louisiana",5.1,66.5,19.3,5,1.1,0,0,0,2.9,99.9
0500000US23001,"Androscoggin County, Maine",1.9,90.2,3.3,0,1,0,0,0.2,3.4,100
0500000US23003,"Aroostook County, Maine",1.4,93.7,0.9,2.2,0.4,0,0,0,1.4,100
0500000US23005,"Cumberland County, Maine",2.2,89.9,3.2,0.3,2.2,0,0.3,0,2,100.1
0500000US23011,"Kennebec County, Maine",1.7,94.4,1.4,0.1,0.5,0,0,0,1.9,100
0500000US23019,"Penobscot County, Maine",1.5,92.8,0.9,1.4,1.1,0,0.6,0,1.7,100
0500000US23031,"York County, Maine",1.8,93.9,1.1,0.6,1.1,0,0,0.1,1.3,99.9
0500000US24001,"Allegany County, Maryland",1,86.6,7.9,0.2,1.2,0,0.1,0.1,3,100.1
0500000US24003,"Anne Arundel County, Maryland",8.4,66.3,17,0.2,3.7,0,0.4,0,3.9,99.9
0500000US24005,"Baltimore County, Maryland",5.8,55.6,29.5,0.3,6.1,0.1,0.3,0.2,2.3,100.2
0500000US24009,"Calvert County, Maryland",4.4,77.5,12.7,0.2,1.6,0,0,0,3.6,100
0500000US24013,"Carroll County, Maryland",3.9,88.3,3.6,0.3,2,0,0.1,0,1.9,100.1
0500000US24015,"Cecil County, Maryland",4.7,84.6,6.8,0,1.8,0,0,0,2.1,100
0500000US24017,"Charles County, Maryland",6.3,37.1,49.7,0.1,3.3,0,0.3,0,3.2,100
0500000US24021,"Frederick County, Maryland",10.5,71.6,9.7,0.3,4.8,0,0.1,0.1,2.9,100
0500000US24025,"Harford County, Maryland",4.8,75,14,0.1,2.9,0,0,0.1,3.1,100
0500000US24027,"Howard County, Maryland",7.3,49.8,19.5,0.3,18.5,0,0.5,0.2,3.8,99.9
0500000US24031,"Montgomery County, Maryland",20.1,42.6,18.6,0.3,14.8,0,0.5,0.2,2.9,100
0500000US24033,"Prince George's County, Maryland",19.5,12.1,61,0.3,4,0.1,0.4,0.1,2.5,100
0500000US24037,"St. Mary's County, Maryland",5.6,73.1,15.4,0.1,2.1,0,0.2,0.3,3.3,100.1
0500000US24043,"Washington County, Maryland",5.8,77.3,11.5,0,2.1,0.1,0.2,0,3.1,100.1
0500000US24045,"Wicomico County, Maryland",5.5,62,25.7,0.8,3.2,0.1,0.1,0.3,2.3,100
0500000US24510,"Baltimore city, Maryland",5.7,27.4,61.8,0.3,2.6,0,0.4,0.1,1.6,99.9
0500000US25001,"Barnstable County, Massachusetts",3.4,88.7,3.1,0.7,1.1,0,0.9,0.1,2.1,100.1
0500000US25003,"Berkshire County, Massachusetts",5.1,87.4,2.6,0.1,1.7,0,0.3,0.2,2.7,100.1
0500000US25005,"Bristol County, Massachusetts",8.6,80.2,4.7,0.3,2.3,0,1.6,0.5,1.7,99.9
0500000US25009,"Essex County, Massachusetts",22.2,68.6,3.5,0.1,3.5,0,0.4,0.2,1.4,99.9
0500000US25011,"Franklin County, Massachusetts",4.2,90.3,1.2,0.1,1.4,0,0,0.1,2.7,100
0500000US25013,"Hampden County, Massachusetts",26.3,61.4,7.2,0.1,2.4,0,0,0.1,2.4,99.9
0500000US25015,"Hampshire County, Massachusetts",5.9,83,1.8,0.1,5.5,0.2,0,0.3,3.2,100
0500000US25017,"Middlesex County, Massachusetts",8.3,70.4,5.2,0.2,12.4,0.1,1.1,0.2,2.2,100.1
0500000US25021,"Norfolk County, Massachusetts",5,73.3,6.8,0.2,11.7,0,0.5,0.2,2.3,100
0500000US25023,"Plymouth County, Massachusetts",4.2,79.7,10.7,0.2,1.6,0,1.6,0.3,1.7,100
0500000US25025,"Suffolk County, Massachusetts",23.3,44.6,19.8,0.2,8.8,0.1,0.8,0.3,2.3,100.2
0500000US25027,"Worcester County, Massachusetts",12.2,74.7,4.6,0.1,5.1,0,0.9,0.2,2.2,100
0500000US26005,"Allegan County, Michigan",7.5,88.1,1.5,0.3,0.3,0,0,0,2.2,99.9
0500000US26017,"Bay County, Michigan",5.5,89.7,1.7,0.2,0.4,0,0,0.1,2.4,100
0500000US26021,"Berrien County, Michigan",5.8,74.8,14.5,0.6,1.7,0,0.1,0.2,2.6,100.3
0500000US26025,"Calhoun County, Michigan",5.5,76.8,10.6,0.2,2.8,0,0.2,0.1,3.8,100
0500000US26037,"Clinton County, Michigan",4.6,89.5,2.2,0.1,1.5,0,0,0,2.1,100
0500000US26045,"Eaton County, Michigan",5.7,82.3,6.9,0.5,1.9,0,0,0,2.6,99.9
0500000US26049,"Genesee County, Michigan",3.6,72.3,19.6,0.5,1,0,0,0.1,3,100.1
0500000US26055,"Grand Traverse County, Michigan",3,92.7,0.9,0.6,0.6,0.2,0,0,2.1,100.1
0500000US26065,"Ingham County, Michigan",8,69.1,11.6,0.7,7,0,0.1,0.1,3.5,100.1
0500000US26073,"Isabella County, Michigan",4.1,85.2,2.7,3.3,1.8,0,0,0,2.9,100
0500000US26075,"Jackson County, Michigan",3.6,84.4,6.7,0.3,1,0,0.2,0.1,3.7,100
0500000US26077,"Kalamazoo County, Michigan",5.2,76.8,10.7,0.2,2.3,0,0.4,0,4.4,100
0500000US26081,"Kent County, Michigan",10.8,73.2,8.9,0.2,2.9,0,0.1,0,3.8,99.9
0500000US26087,"Lapeer County, Michigan",4.7,91.7,1.4,0.2,0.7,0,0,0,1.2,99.9
0500000US26091,"Lenawee County, Michigan",8.2,86.4,1.9,0.3,0.4,0,0.1,0,2.7,100
0500000US26093,"Livingston County, Michigan",2.6,94.1,0.4,0.3,1.1,0,0,0,1.4,99.9
0500000US26099,"Macomb County, Michigan",2.8,77.9,11.7,0.2,4.4,0.1,0.1,0,2.8,100
0500000US26103,"Marquette County, Michigan",1.6,91.8,1.6,0.7,0.6,0.1,0.1,0,3.5,100
0500000US26111,"Midland County, Michigan",2.9,91.2,1.1,0.5,2.4,0,0,0,1.9,100
0500000US26115,"Monroe County, Michigan",3.7,91,2.1,0.4,0.4,0,0,0,2.3,99.9
0500000US26121,"Muskegon County, Michigan",5.8,76.4,13.3,0.8,0.4,0,0,0.1,3.2,100
0500000US26125,"Oakland County, Michigan",4.3,71.4,13.5,0.2,8.1,0,0.1,0.1,2.2,99.9
0500000US26139,"Ottawa County, Michigan",10.2,83.4,1.4,0.2,2.8,0,0,0,2,100
0500000US26145,"Saginaw County, Michigan",8.7,69,18.4,0.2,1.3,0,0.1,0.1,2.2,100
0500000US26147,"St. Clair County, Michigan",3.5,90.8,2.8,0.2,0.6,0.1,0.1,0,1.8,99.9
0500000US26155,"Shiawassee County, Michigan",3.1,N,N,N,N,N,N,N,N,3.1
0500000US26159,"Van Buren County, Michigan",11.7,80.9,3.3,0.2,0.7,0,0,0.1,3.1,100
0500000US26161,"Washtenaw County, Michigan",4.9,69.8,11.9,0.4,9,0,0.3,0.1,3.6,100
0500000US26163,"Wayne County, Michigan",6.1,49.3,38.2,0.4,3.5,0,0.2,0.1,2.2,100
0500000US27003,"Anoka County, Minnesota",4.9,79.6,7,0.5,5,0,0.2,0,2.8,100
0500000US27013,"Blue Earth County, Minnesota",3.9,87.1,4.8,0.3,2.5,0,0.1,0,1.3,100
0500000US27019,"Carver County, Minnesota",4.4,87.8,0.3,0.2,4.7,0,0.5,0,2.1,100
0500000US27035,"Crow Wing County, Minnesota",1.5,94.6,1,1,0.5,0,0,0.1,1.2,99.9
0500000US27037,"Dakota County, Minnesota",7.6,76.7,7.1,0.2,5.1,0,0.4,0.1,2.8,100
0500000US27053,"Hennepin County, Minnesota",7,68.3,12.9,0.4,7.3,0.1,0.4,0.1,3.6,100.1
0500000US27109,"Olmsted County, Minnesota",5.2,78.9,6.1,0.2,6.3,0.3,0.1,0.1,2.8,100
0500000US27123,"Ramsey County, Minnesota",7.5,61,12.1,0.4,15,0,0.1,0.1,3.8,100
0500000US27131,"Rice County, Minnesota",8.5,81.1,4.5,1.1,2.1,0,0.1,0.1,2.6,100.1
0500000US27137,"St. Louis County, Minnesota",1.8,90.8,1.7,1.9,1,0.1,0,0.1,2.4,99.8
0500000US27139,"Scott County, Minnesota",5.3,79.4,4.9,0.3,5.2,0,0.7,0,4.1,99.9
0500000US27141,"Sherburne County, Minnesota",2.8,90.1,3.1,0.6,0.9,0,0.4,0,2.1,100
0500000US27145,"Stearns County, Minnesota",3.6,84.5,7.1,0.2,1.8,0,0.1,0,2.8,100.1
0500000US27163,"Washington County, Minnesota",4.5,81.2,4.5,0.2,6.5,0,0.4,0,2.7,100
0500000US27171,"Wright County, Minnesota",3.1,91.5,1.6,0.2,1.1,0,0.4,0.2,1.9,100
0500000US28033,"DeSoto County, Mississippi",5.1,61.8,29.9,0.1,1.7,0,0.1,0,1.1,99.8
0500000US28035,"Forrest County, Mississippi",3,N,N,N,N,N,N,N,N,3
0500000US28047,"Harrison County, Mississippi",5.6,63,25.2,0.1,2.4,0,0.2,0,3.5,100
0500000US28049,"Hinds County, Mississippi",1.6,23.8,72.8,0.4,0.8,0,0.1,0.1,0.5,100.1
0500000US28059,"Jackson County, Mississippi",6.8,67.3,20.7,0.4,2.3,0,0.4,0,2.1,100
0500000US28067,"Jones County, Mississippi",4.7,N,N,N,N,N,N,N,N,4.7
0500000US28075,"Lauderdale County, Mississippi",2.3,52,44.2,0,0.6,0,0,0,0.8,99.9
0500000US28081,"Lee County, Mississippi",2.7,N,N,N,N,N,N,N,N,2.7
0500000US28089,"Madison County, Mississippi",3.1,55,37.9,0,2.8,0,0,0.1,1.1,100
0500000US28121,"Rankin County, Mississippi",2.8,72.9,21.6,0,1.2,0,0.2,0,1.2,99.9
0500000US29019,"Boone County, Missouri",3.5,78.3,8.1,0.3,4.9,0,0.1,0,4.7,99.9
0500000US29021,"Buchanan County, Missouri",6.9,82.7,5.1,0.8,1.3,0.4,0,0,2.8,100
0500000US29031,"Cape Girardeau County, Missouri",2.5,85.3,7.9,0,1.6,0.1,0.3,0,2.3,100
0500000US29037,"Cass County, Missouri",4.6,87.3,6,0.6,0.2,0.5,0,0,0.9,100.1
0500000US29043,"Christian County, Missouri",3.1,92.9,1,0.1,0.7,0,0,0,2.1,99.9
0500000US29047,"Clay County, Missouri",7.1,80,5.7,0.4,2,0.3,0.1,0,4.3,99.9
0500000US29051,"Cole County, Missouri",2.9,81.4,12.5,0.2,1.6,0,0.1,0,1.4,100.1
0500000US29071,"Franklin County, Missouri",1.9,94.9,1,0.2,0.1,0,0,0,2,100.1
0500000US29077,"Greene County, Missouri",3.9,86.9,3.5,0.4,2.2,0,0.2,0,2.9,100
0500000US29095,"Jackson County, Missouri",9.2,61.9,22.9,0.3,1.9,0.3,0.7,0,2.8,100
0500000US29097,"Jasper County, Missouri",8.5,83.6,1.5,1,1.4,0,0,0,4,100
0500000US29099,"Jefferson County, Missouri",2.1,94.1,1.5,0.2,1.1,0,0,0,1,100
0500000US29165,"Platte County, Missouri",6.3,80.1,7.6,0.1,2.3,0.5,0,0.1,3,100
0500000US29183,"St. Charles County, Missouri",3.4,86.5,4.9,0.2,2.7,0,0.1,0,2.2,100
0500000US29187,"St. Francois County, Missouri",1,N,N,N,N,N,N,N,N,1
0500000US29189,"St. Louis County, Missouri",3,65.2,24.3,0.2,4.5,0.2,0.3,0.1,2.3,100.1
0500000US29510,"St. Louis city, Missouri",4.2,44.5,44.9,0.2,3.4,0,0.2,0.2,2.4,100
0500000US30013,"Cascade County, Montana",4.7,84.9,1,4.8,0.2,0,0,0,4.3,99.9
0500000US30029,"Flathead County, Montana",3,92.5,0.3,1.6,0.9,0,0.1,0,1.6,100
0500000US30031,"Gallatin County, Montana",4,91,0.9,1,1,0,0.3,0,1.8,100
0500000US30049,"Lewis and Clark County, Montana",2.3,91,0.9,0.7,0.8,0,0,0,4.3,100
0500000US30063,"Missoula County, Montana",3.4,89,0.8,1.6,2,0,0,0,3.1,99.9
0500000US30111,"Yellowstone County, Montana",5.8,85.9,0.2,4.5,0.7,0,0,0.5,2.3,99.9
0500000US31055,"Douglas County, Nebraska",12.9,68.7,11.1,0.6,4,0,0,0.1,2.6,100
0500000US31109,"Lancaster County, Nebraska",7.4,80.5,3.8,0.5,4.6,0.2,0.1,0,2.9,100
0500000US31153,"Sarpy County, Nebraska",10.1,79.9,3.8,0.5,2.4,0.4,0.2,0.1,2.6,100
0500000US32003,"Clark County, Nevada",31.6,41.3,11.9,0.5,9.8,0.7,0.5,0.1,3.5,99.9
0500000US32031,"Washoe County, Nevada",25,62.2,2.2,1.4,5.6,0.6,0.2,0,2.7,99.9
0500000US33005,"Cheshire County, New Hampshire",2,93.8,1,0.1,0.4,0.3,0,0,2.4,100
0500000US33009,"Grafton County, New Hampshire",2.5,90.1,1.2,0.1,3.3,0.2,0.2,0.1,2.2,99.9
0500000US33011,"Hillsborough County, New Hampshire",7.3,83.7,2.4,0.2,3.9,0,0.1,0.1,2.3,100
0500000US33013,"Merrimack County, New Hampshire",2.3,92.1,1.8,0.2,2.1,0,0,0,1.5,100
0500000US33015,"Rockingham County, New Hampshire",3.3,92,0.9,0,2.3,0.1,0.2,0,1.3,100.1
0500000US33017,"Strafford County, New Hampshire",2.8,90.2,1,0.1,3.1,0,0,0,2.8,100
0500000US34001,"Atlantic County, New Jersey",19.4,55.9,13.7,0.2,7.8,0.2,0.1,0.2,2.4,99.9
0500000US34003,"Bergen County, New Jersey",21,55,5.1,0.1,16.4,0.1,0.3,0.2,1.7,99.9
0500000US34005,"Burlington County, New Jersey",8.5,66.4,16.4,0,5.1,0,0.4,0.2,3,100
0500000US34007,"Camden County, New Jersey",17.6,55.6,18.4,0.1,5.7,0,0.5,0.1,2.1,100.1
0500000US34009,"Cape May County, New Jersey",8.1,85,4.2,0,0.5,0,0,0,2.2,100
0500000US34011,"Cumberland County, New Jersey",31.8,45.4,18,0.9,1.2,0,0,0.2,2.4,99.9
0500000US34013,"Essex County, New Jersey",23.8,29.8,38.4,0.2,5.4,0,0.9,0.2,1.3,100
0500000US34015,"Gloucester County, New Jersey",6.7,77.7,10.3,0,3.1,0,0.1,0.1,1.9,99.9
0500000US34017,"Hudson County, New Jersey",42.7,28.8,10.3,0.1,15.3,0,0.5,0.4,1.8,99.9
0500000US34019,"Hunterdon County, New Jersey",7,84.3,2.4,0,4.2,0,0.5,0.5,1.1,100
0500000US34021,"Mercer County, New Jersey",18.5,48.2,19.4,0.2,11.8,0.1,0.1,0.2,1.6,100.1
0500000US34023,"Middlesex County, New Jersey",22.1,41.6,9.2,0.1,24.4,0.1,0.4,0.3,1.9,100.1
0500000US34025,"Monmouth County, New Jersey",11.1,74.9,6.7,0,5.3,0,0.3,0.2,1.4,99.9
0500000US34027,"Morris County, New Jersey",13.9,70.3,3.3,0,10.8,0,0.3,0.1,1.4,100.1
0500000US34029,"Ocean County, New Jersey",9.5,84.1,3,0,1.6,0,0.2,0,1.5,99.9
0500000US34031,"Passaic County, New Jersey",42.9,40.3,10.4,0.1,5.1,0,0.1,0.1,0.9,99.9
0500000US34033,"Salem County, New Jersey",9.8,73.2,12.7,0.3,1.1,0.4,0.2,0,2.3,100
0500000US34035,"Somerset County, New Jersey",15.2,53.6,9.5,0.1,18.5,0,1.8,0.2,1.1,100
0500000US34037,"Sussex County, New Jersey",9.2,84.9,2.4,0,1.8,0,0.1,0,1.5,99.9
0500000US34039,"Union County, New Jersey",32.8,37.8,19.9,0.1,5.3,0,2.5,0.2,1.5,100.1
0500000US34041,"Warren County, New Jersey",10.2,80.2,4.7,0,2.3,0,0.3,0.7,1.5,99.9
0500000US35001,"Bernalillo County, New Mexico",50.3,38.1,2.4,4.1,2.6,0,0.3,0.1,2.1,100
0500000US35005,"Chaves County, New Mexico",57.8,37.8,2.2,0.3,1.1,0,0.3,0,0.5,100
0500000US35013,"Do√±a Ana County, New Mexico",68.8,26.7,1.6,0.8,1.1,0.1,0.1,0,0.8,100
0500000US35025,"Lea County, New Mexico",60.1,34.3,3.2,0.6,1.7,0,0,0.1,0.1,100.1
0500000US35031,"McKinley County, New Mexico",14.2,N,N,N,N,N,N,N,N,14.2
0500000US35035,"Otero County, New Mexico",38.6,48.2,3.4,6.7,0.7,0,0.3,0.1,2.1,100.1
0500000US35043,"Sandoval County, New Mexico",39.9,42.5,2.2,12.4,1.6,0,0,0.1,1.3,100
0500000US35045,"San Juan County, New Mexico",20.6,37.1,0.6,38.5,0.4,0,0.4,0.1,2.3,100
0500000US35049,"Santa Fe County, New Mexico",50.9,42.9,1,2.8,1.4,0,0.2,0.1,0.7,100
0500000US35061,"Valencia County, New Mexico",61.1,31.9,2.9,1.8,0.8,0,0.3,0,1.2,100
0500000US36001,"Albany County, New York",6.3,71.3,10.6,0.1,6.3,0,0.3,0.1,5.1,100.1
0500000US36005,"Bronx County, New York",56.4,8.8,29,0.2,3.7,0,0.9,0.2,1,100.2
0500000US36007,"Broome County, New York",4.4,82.6,4.4,0.2,4.7,0,0.1,0,3.6,100
0500000US36009,"Cattaraugus County, New York",2.1,90.4,1.4,3.4,0.9,0,0.1,0,1.7,100
0500000US36011,"Cayuga County, New York",3.1,89.8,3.3,0,0.8,0,0.1,0,2.7,99.8
0500000US36013,"Chautauqua County, New York",7.8,87,2,0.5,0.7,0,0,0.1,1.9,100
0500000US36015,"Chemung County, New York",3.2,85.9,5.4,0.2,1.6,0,0.1,0.1,3.6,100.1
0500000US36019,"Clinton County, New York",3,89.9,3.6,0.5,1.6,0,0.1,0,1.4,100.1
0500000US36027,"Dutchess County, New York",12.9,70.6,10.8,0.1,3.2,0.1,0.1,0,2.1,99.9
0500000US36029,"Erie County, New York",5.8,74.9,13.1,0.5,3.8,0,0.1,0.1,1.7,100
0500000US36045,"Jefferson County, New York",7.8,81.3,5.8,0.2,2.2,0.3,0,0.1,2.4,100.1
0500000US36047,"Kings County, New York",18.9,36.5,29.8,0.1,11.9,0,0.5,0.2,2.1,100
0500000US36051,"Livingston County, New York",3.9,90.5,2.1,0.3,0.8,0,0.1,0.5,1.9,100.1
0500000US36053,"Madison County, New York",1.8,92.9,2.1,0.4,1.1,0,0,0,1.8,100.1
0500000US36055,"Monroe County, New York",9.2,70,14.6,0.2,3.5,0,0.3,0.1,2,99.9
0500000US36059,"Nassau County, New York",17.5,58.2,11.3,0.2,10.3,0,0.7,0.5,1.4,100.1
0500000US36061,"New York County, New York",25.6,46.9,12.3,0.2,12.3,0,0.5,0.1,2.2,100.1
0500000US36063,"Niagara County, New York",3.3,84.9,6.5,1,1,0.1,0.1,0.1,3,100
0500000US36065,"Oneida County, New York",6.2,81.3,5.4,0.1,4.1,0,0,0.1,2.8,100
0500000US36067,"Onondaga County, New York",5.2,76.4,10.8,0.5,3.8,0,0.1,0.1,3.2,100.1
0500000US36069,"Ontario County, New York",5.1,89.4,2.2,0.1,1.2,0,0.2,0.1,1.7,100
0500000US36071,"Orange County, New York",21.6,62.6,10.9,0.1,2.9,0,0.1,0.3,1.4,99.9
0500000US36075,"Oswego County, New York",2.7,93.7,0.8,0,0.7,0,0,0,2,99.9
0500000US36079,"Putnam County, New York",16.4,76.9,3.2,0,2.3,0,0.2,0,1,100
0500000US36081,"Queens County, New York",28.2,24.4,17.3,0.2,26,0,1.5,0.5,1.8,99.9
0500000US36083,"Rensselaer County, New York",5.2,82.4,6.8,0,2.8,0,0.1,0.1,2.5,99.9
0500000US36085,"Richmond County, New York",18.6,59.5,9.5,0.1,10.7,0,0.2,0.1,1.3,100
0500000US36087,"Rockland County, New York",18.4,62.5,11.3,0.1,5.9,0,0.2,0.2,1.4,100
0500000US36089,"St. Lawrence County, New York",2.4,91.9,2.1,0.8,1.1,0,0.3,0.1,1.4,100.1
0500000US36091,"Saratoga County, New York",3.4,90,1.6,0,3.3,0,0.1,0.2,1.4,100
0500000US36093,"Schenectady County, New York",7.4,71.6,10.3,0.1,5,0.2,1.4,0.5,3.5,100
0500000US36101,"Steuben County, New York",1.7,93.3,2,0.2,1.7,0,0,0.1,0.9,99.9
0500000US36103,"Suffolk County, New York",20.2,66.3,7.2,0.2,4,0,0.7,0.2,1.2,100
0500000US36105,"Sullivan County, New York",16.8,70.7,6.3,0.7,1.6,0,0.1,0,3.9,100.1
0500000US36109,"Tompkins County, New York",5.4,76.7,3,0.1,9.5,0.1,0.3,0.6,4.2,99.9
0500000US36111,"Ulster County, New York",10.6,78.1,5.8,0.3,1.6,0,0.5,0.2,2.8,99.9
0500000US36113,"Warren County, New York",2.8,93.1,1.3,0,0.6,0,0.1,0,1.9,99.8
0500000US36117,"Wayne County, New York",4.7,89.5,1.8,0.1,1,0,0,0,2.8,99.9
0500000US36119,"Westchester County, New York",25.5,52.3,13.3,0.2,6,0,0.8,0.2,1.5,99.8
0500000US37001,"Alamance County, North Carolina",13.1,62.8,19.8,0.1,1.7,0,0,0,2.3,99.8
0500000US37019,"Brunswick County, North Carolina",4.9,82.3,7.5,0.6,0.7,0,0,0,4,100
0500000US37021,"Buncombe County, North Carolina",6.8,83.3,6.4,0.4,1.3,0,0,0,1.6,99.8
0500000US37023,"Burke County, North Carolina",6.5,81,3.9,0.3,3.5,0.3,2.3,0.3,1.8,99.9
0500000US37025,"Cabarrus County, North Carolina",11.1,62.9,18.5,0.1,4.2,0,0.5,0.2,2.6,100.1
0500000US37027,"Caldwell County, North Carolina",5.9,N,N,N,N,N,N,N,N,5.9
0500000US37031,"Carteret County, North Carolina",4.4,86.5,4.9,0.4,0.9,0,0.4,0,2.5,100
0500000US37035,"Catawba County, North Carolina",10.1,74.9,8.9,0.1,4.5,0,0,0,1.4,99.9
0500000US37037,"Chatham County, North Carolina",12.1,70,10.5,0,1.6,0,2.2,0,3.5,99.9
0500000US37045,"Cleveland County, North Carolina",3.8,N,N,N,N,N,N,N,N,3.8
0500000US37049,"Craven County, North Carolina",7.6,65.5,21.6,0.6,2.3,0,0,0.1,2.2,99.9
0500000US37051,"Cumberland County, North Carolina",12.1,42.3,35.8,1.5,2.8,0.4,0.4,0.1,4.6,100
0500000US37057,"Davidson County, North Carolina",7.4,79.4,10.4,0.1,1.6,0.1,0,0,1,100
0500000US37063,"Durham County, North Carolina",13.7,43,35.3,0.1,4.4,0.1,0.4,0.1,3,100.1
0500000US37067,"Forsyth County, North Carolina",13.3,56.1,25.9,0.4,2.3,0,0.1,0,1.8,99.9
0500000US37069,"Franklin County, North Carolina",9,62.9,23.5,0.3,0.3,0,0.2,0,3.8,100
0500000US37071,"Gaston County, North Carolina",7.6,70.9,17.3,0.4,1.5,0.2,0.2,0,1.9,100
0500000US37081,"Guilford County, North Carolina",8.4,49,33.7,0.5,5,0,0.5,0.1,2.8,100
0500000US37085,"Harnett County, North Carolina",13.4,60.6,21,0.5,1.3,0,0.1,0,3,99.9
0500000US37089,"Henderson County, North Carolina",10.3,83,3.6,0.2,0.9,0,0.2,0,1.8,100
0500000US37097,"Iredell County, North Carolina",8,75.3,10.9,0.1,2.8,0,0,0.1,2.8,100
0500000US37101,"Johnston County, North Carolina",14.1,66.7,16.5,0.4,1,0,0,0.1,1.2,100
0500000US37109,"Lincoln County, North Carolina",7.5,84.5,6,0.2,0.9,0.1,0.1,0,0.8,100.1
0500000US37119,"Mecklenburg County, North Carolina",13.8,46,31.2,0.2,5.7,0,0.2,0.1,2.8,100
0500000US37125,"Moore County, North Carolina",7.1,76.9,12,0.7,1.4,0.2,0.1,0.1,1.5,100
0500000US37127,"Nash County, North Carolina",7.4,48.9,41,0.3,0.2,0,0,0,2.2,100
0500000US37129,"New Hanover County, North Carolina",5.8,77.2,12.5,0.3,1.1,0.1,0.2,0,2.8,100
0500000US37133,"Onslow County, North Carolina",12.9,65.7,13.8,0.5,2,0,0,0.2,4.9,100
0500000US37135,"Orange County, North Carolina",8.6,69.5,11.3,0.2,8.1,0,0.3,0.1,1.8,99.9
0500000US37147,"Pitt County, North Carolina",6.5,53.7,33.8,0.2,1.6,0.1,0.3,0.3,3.3,99.8
0500000US37151,"Randolph County, North Carolina",12,78.4,5.5,0.4,1,0,0,0,2.7,100
0500000US37155,"Robeson County, North Carolina",9.2,24.5,23.2,40.3,0.5,0,0.5,0,1.6,99.8
0500000US37157,"Rockingham County, North Carolina",6.3,N,N,N,N,N,N,N,N,6.3
0500000US37159,"Rowan County, North Carolina",9.4,70.9,15.5,0.1,0.8,0,0.3,0.3,2.6,99.9
0500000US37161,"Rutherford County, North Carolina",4.8,82.8,9.9,0.1,0.6,0,0.2,0,1.6,100
0500000US37171,"Surry County, North Carolina",11.1,83.2,2.2,1.2,0.6,0,0,0,1.7,100
0500000US37179,"Union County, North Carolina",11.5,71,11.5,0.4,3.3,0,0.3,0.1,1.9,100
0500000US37183,"Wake County, North Carolina",10.4,59.4,20.1,0.3,7.5,0,0.2,0.2,1.9,100
0500000US37191,"Wayne County, North Carolina",12.4,52.5,31.5,0.4,1.1,0,0.1,0.2,1.8,100
0500000US37193,"Wilkes County, North Carolina",6.9,N,N,N,N,N,N,N,N,6.9
0500000US37195,"Wilson County, North Carolina",10.8,N,N,N,N,N,N,N,N,10.8
0500000US38015,"Burleigh County, North Dakota",2.8,88.2,1.8,3.8,1,0.1,0,0,2.2,99.9
0500000US38017,"Cass County, North Dakota",2.8,84.4,6.2,0.9,2.3,0,0,0,3.4,100
0500000US38035,"Grand Forks County, North Dakota",4.7,83.1,2,2.7,3.1,2.3,0,0,2.1,100
0500000US38101,"Ward County, North Dakota",6.4,82.2,3.4,1,1.7,0.3,0,0,5.1,100.1
0500000US39003,"Allen County, Ohio",3.3,80.3,11.1,0.2,0.9,0,0.2,0.1,3.8,99.9
0500000US39007,"Ashtabula County, Ohio",4.4,N,N,N,N,N,N,N,N,4.4
0500000US39009,"Athens County, Ohio",1.9,89.7,2.9,0.9,2.7,0,0,0,1.9,100
0500000US39013,"Belmont County, Ohio",0.9,N,N,N,N,N,N,N,N,0.9
0500000US39017,"Butler County, Ohio",5,79.7,8.9,0.1,3.9,0,0.2,0.1,2.2,100.1
0500000US39023,"Clark County, Ohio",3.6,83.9,9,0.1,0.7,0,0,0,2.7,100
0500000US39025,"Clermont County, Ohio",2.1,93.2,0.9,0,1.1,0,0,0.1,2.6,100
0500000US39029,"Columbiana County, Ohio",1.9,N,N,N,N,N,N,N,N,1.9
0500000US39035,"Cuyahoga County, Ohio",6.3,58.3,29.2,0.2,3.3,0,0.3,0.1,2.4,100.1
0500000US39041,"Delaware County, Ohio",2.8,83.6,3.3,0.1,7.3,0,0.5,0,2.4,100
0500000US39043,"Erie County, Ohio",4.5,82.6,9.3,0.2,0.4,0,0.4,0,2.5,99.9
0500000US39045,"Fairfield County, Ohio",2.4,84.6,8.4,0.1,1.9,0,0.2,0.1,2.4,100.1
0500000US39049,"Franklin County, Ohio",5.8,62,22.9,0.2,5.4,0,0.2,0,3.5,100
0500000US39055,"Geauga County, Ohio",1.6,N,N,N,N,N,N,N,N,1.6
0500000US39057,"Greene County, Ohio",3,83.6,6.3,0.3,2.6,0.4,0.1,0,3.7,100
0500000US39061,"Hamilton County, Ohio",3.6,64.7,25.6,0.1,2.6,0.1,0.1,0,3.3,100.1
0500000US39063,"Hancock County, Ohio",5.8,88.6,1.5,0.3,1.9,0,0.1,0,2,100.2
0500000US39081,"Jefferson County, Ohio",1.6,90.1,5.4,0,0.6,0,0.1,0.1,2.1,100
0500000US39085,"Lake County, Ohio",4.7,87.1,4.4,0,1.3,0.1,0.5,0,1.9,100
0500000US39089,"Licking County, Ohio",2.1,89,4.1,0,1.6,0,0.1,0,3.1,100
0500000US39093,"Lorain County, Ohio",10.4,77.6,7.4,0.3,1.4,0,0.1,0,2.8,100
0500000US39095,"Lucas County, Ohio",7.4,68.1,18.7,0.3,1.7,0.1,0.2,0,3.5,100
0500000US39099,"Mahoning County, Ohio",6.5,75.4,14.7,0,1,0,0.1,0,2.3,100
0500000US39101,"Marion County, Ohio",2.8,88,3.7,0.2,1.6,0.1,0.1,0,3.4,99.9
0500000US39103,"Medina County, Ohio",2.3,93.5,1.7,0.3,1,0,0.1,0.1,1.1,100.1
0500000US39109,"Miami County, Ohio",1.9,91.7,2.8,0,1.4,0,0.1,0,2.1,100
0500000US39113,"Montgomery County, Ohio",3.3,70.1,19.7,0.2,2.1,0,0.3,0,4.5,100.2
0500000US39119,"Muskingum County, Ohio",0.5,N,N,N,N,N,N,N,N,0.5
0500000US39133,"Portage County, Ohio",2,89.2,4.5,0,1,0,0,0,3.2,99.9
0500000US39139,"Richland County, Ohio",2.1,85.3,8.8,0.3,0.6,0,0.1,0,2.9,100.1
0500000US39141,"Ross County, Ohio",1.4,N,N,N,N,N,N,N,N,1.4
0500000US39145,"Scioto County, Ohio",1.4,N,N,N,N,N,N,N,N,1.4
0500000US39151,"Stark County, Ohio",2.2,86.1,7.6,0,1,0,0.1,0,3,100
0500000US39153,"Summit County, Ohio",2.3,76,14.7,0.2,3.7,0,0.4,0.1,2.7,100.1
0500000US39155,"Trumbull County, Ohio",1.9,86.8,8.2,0,0.6,0.1,0,0.1,2.2,99.9
0500000US39157,"Tuscarawas County, Ohio",3.2,N,N,N,N,N,N,N,N,3.2
0500000US39165,"Warren County, Ohio",2.9,84.8,3.7,0,6.7,0,0.4,0.2,1.2,99.9
0500000US39169,"Wayne County, Ohio",2.1,93.5,1.2,0.1,1,0,0,0,2.1,100
0500000US39173,"Wood County, Ohio",5.7,87.9,2.1,0.2,2,0.2,0.1,0,1.9,100.1
0500000US40017,"Canadian County, Oklahoma",9.8,74.9,3.8,4.3,3.4,0,0.1,0,3.8,100.1
0500000US40027,"Cleveland County, Oklahoma",9.2,70.7,4.8,4.3,4.7,0,0.1,0.2,6,100
0500000US40031,"Comanche County, Oklahoma",13.5,55.7,14.1,4,2.5,0.1,0.1,0.2,9.9,100.1
0500000US40037,"Creek County, Oklahoma",4.6,75.2,2.2,13,0.1,0,0,0.1,4.7,99.9
0500000US40101,"Muskogee County, Oklahoma",6.6,55.5,10.6,17,0.5,0,0,0,9.9,100.1
0500000US40109,"Oklahoma County, Oklahoma",17.9,55.3,14.8,3,3.5,0.1,0.1,0.1,5.3,100.1
0500000US40119,"Payne County, Oklahoma",4.8,76.6,3.6,3.9,4.4,0,0,0.1,6.4,99.8
0500000US40125,"Pottawatomie County, Oklahoma",5.4,71.9,3.5,13.7,0.6,0,0,0,5,100.1
0500000US40131,"Rogers County, Oklahoma",5,71.2,0.9,13,1.5,0,0,0.1,8.4,100.1
0500000US40143,"Tulsa County, Oklahoma",13.3,61,9.8,5.2,3.6,0.1,0.1,0.1,6.8,100
0500000US40145,"Wagoner County, Oklahoma",6.7,70.5,3.6,9,1.6,0,0.3,0,8.2,99.9
0500000US41003,"Benton County, Oregon",7.8,79.7,1.2,1,6.4,0.4,0.1,0,3.5,100.1
0500000US41005,"Clackamas County, Oregon",9,81.1,1.2,0.6,4.7,0.1,0.1,0.2,3.1,100.1
0500000US41017,"Deschutes County, Oregon",8.3,86.5,0.5,1.4,1.4,0.2,0.1,0.3,1.5,100.2
0500000US41019,"Douglas County, Oregon",6.1,87.5,0.3,0.6,0.8,0.1,0,0,4.7,100.1
0500000US41029,"Jackson County, Oregon",13.5,80.1,0.9,0.9,1.4,0.3,0,0,2.9,100
0500000US41033,"Josephine County, Oregon",7.7,86.6,0.6,1.5,0.5,0,0.4,0,2.9,100.2
0500000US41035,"Klamath County, Oregon",13.8,76.9,0.5,5.8,0.3,0,0.1,0.2,2.5,100.1
0500000US41039,"Lane County, Oregon",9.3,81.2,1.2,0.8,2.8,0.2,0.1,0.1,4.2,99.9
0500000US41043,"Linn County, Oregon",9.5,84.1,0.5,0.9,0.9,0.2,0.3,0,3.6,100
0500000US41047,"Marion County, Oregon",27.2,64.5,0.6,0.7,2.5,0.3,0.2,0.1,3.8,99.9
0500000US41051,"Multnomah County, Oregon",12,68.9,5.1,0.7,7.4,0.6,0.1,0.2,5,100
0500000US41053,"Polk County, Oregon",14.5,77.3,0.1,0.8,2,0.1,0.1,0,5.1,100
0500000US41059,"Umatilla County, Oregon",27.6,64.2,0.4,2.5,1.3,0.5,0.9,0.1,2.5,100
0500000US41067,"Washington County, Oregon",17.1,64.4,2,0.2,11.4,0.5,0.1,0.1,4.2,100
0500000US41071,"Yamhill County, Oregon",16.2,76.6,0.9,0.8,2,0.2,0,0.2,3.1,100
0500000US42001,"Adams County, Pennsylvania",7.3,88.6,1.7,0.2,1,0,0.1,0,1.1,100
0500000US42003,"Allegheny County, Pennsylvania",2.3,78,12.8,0.1,3.8,0,0.2,0.2,2.6,100
0500000US42005,"Armstrong County, Pennsylvania",0.4,97,1.5,0,0.4,0,0,0,0.8,100.1
0500000US42007,"Beaver County, Pennsylvania",1.8,89.1,6,0.1,0.7,0,0,0,2.4,100.1
0500000US42011,"Berks County, Pennsylvania",22.5,70.3,4.5,0.1,1.5,0,0,0,1.1,100
0500000US42013,"Blair County, Pennsylvania",1.3,94.5,1.6,0.4,0.2,0.1,0,0,1.8,99.9
0500000US42017,"Bucks County, Pennsylvania",5.7,83.2,4,0.1,5.2,0,0.2,0,1.7,100.1
0500000US42019,"Butler County, Pennsylvania",1.6,94.5,1,0,1.3,0,0,0,1.7,100.1
0500000US42021,"Cambria County, Pennsylvania",1.8,92.5,3.7,0,0.4,0,0,0.1,1.4,99.9
0500000US42025,"Carbon County, Pennsylvania",5.3,N,N,N,N,N,N,N,N,5.3
0500000US42027,"Centre County, Pennsylvania",3,85.4,3.5,0,6,0,0,0,1.9,99.8
0500000US42029,"Chester County, Pennsylvania",7.6,78.6,5.5,0.1,5.9,0,0.2,0.1,2.1,100.1
0500000US42033,"Clearfield County, Pennsylvania",2.2,92.7,3.7,0,0.6,0,0.1,0,0.6,99.9
0500000US42037,"Columbia County, Pennsylvania",3,92.9,1.1,0.1,2.3,0,0.1,0,0.6,100.1
0500000US42039,"Crawford County, Pennsylvania",1.4,94.6,1.7,0.1,0.8,0,0,0,1.4,100
0500000US42041,"Cumberland County, Pennsylvania",4.3,84.4,4.2,0.1,4.2,0,0.2,0,2.6,100
0500000US42043,"Dauphin County, Pennsylvania",9.9,64.5,18.3,0.1,5.2,0,0,0,2,100
0500000US42045,"Delaware County, Pennsylvania",4.1,65.5,21.8,0.1,5.9,0,0.2,0.2,2.1,99.9
0500000US42049,"Erie County, Pennsylvania",4.4,83.9,6.3,0.4,1.7,0,0.2,0.1,3.2,100.2
0500000US42051,"Fayette County, Pennsylvania",1.3,91.5,4,0,0.5,0,0.5,0,2.2,100
0500000US42055,"Franklin County, Pennsylvania",6.1,87.3,3.8,0,0.9,0,0,0.1,1.8,100
0500000US42063,"Indiana County, Pennsylvania",0.9,93.7,2.8,0,0.6,0,0.1,0,1.9,100
0500000US42069,"Lackawanna County, Pennsylvania",8.4,83.8,3.4,0,3.2,0.1,0,0.1,1.1,100.1
0500000US42071,"Lancaster County, Pennsylvania",11,81.3,3.6,0,2.3,0,0,0,1.8,100
0500000US42073,"Lawrence County, Pennsylvania",1.6,N,N,N,N,N,N,N,N,1.6
0500000US42075,"Lebanon County, Pennsylvania",14.1,81,2,0.4,1,0,0.1,0,1.3,99.9
0500000US42077,"Lehigh County, Pennsylvania",26.2,62.1,6,0.1,3.3,0.1,0.4,0.1,1.6,99.9
0500000US42079,"Luzerne County, Pennsylvania",13.8,79.2,4.1,0.1,1,0,0.1,0.2,1.5,100
0500000US42081,"Lycoming County, Pennsylvania",2.2,90.3,5.1,0.5,0.7,0,0,0,1.2,100
0500000US42085,"Mercer County, Pennsylvania",1.6,90,5.7,0,0.6,0,0,0,2,99.9
0500000US42089,"Monroe County, Pennsylvania",17,64.5,14,0.3,2.3,0,0.1,0.1,1.7,100
0500000US42091,"Montgomery County, Pennsylvania",5.4,75,9.4,0.1,7.7,0,0.1,0,2.3,100
0500000US42095,"Northampton County, Pennsylvania",14.2,75.1,5.4,0.1,2.7,0,0.5,0,2,100
0500000US42097,"Northumberland County, Pennsylvania",3.9,91.7,2.5,0.1,0.5,0.1,0,0,1.2,100
0500000US42101,"Philadelphia County, Pennsylvania",15.2,34.2,40.1,0.3,7.5,0,0.3,0.1,2.3,100
0500000US42107,"Schuylkill County, Pennsylvania",5.2,90.1,3.1,0.1,0.4,0,0,0,1.2,100.1
0500000US42111,"Somerset County, Pennsylvania",1.6,94.1,2.1,0.2,0.4,0,0,0,1.6,100
0500000US42125,"Washington County, Pennsylvania",1.8,91.8,2.9,0,1.1,0.1,0.1,0,2.2,100
0500000US42129,"Westmoreland County, Pennsylvania",1.3,93.5,2.1,0,0.9,0,0.2,0.1,1.9,100
0500000US42133,"York County, Pennsylvania",8.1,82.5,5.3,0.2,1.4,0,0.2,0,2.4,100.1
0500000US44003,"Kent County, Rhode Island",5.7,86.8,1.7,0.3,3.2,0,0.7,0,1.6,100
0500000US44005,"Newport County, Rhode Island",6,85.6,2.9,0.5,1.4,0,0.8,0,2.8,100
0500000US44007,"Providence County, Rhode Island",23.9,59.4,8.5,0.2,4,0,1,0.5,2.5,100
0500000US44009,"Washington County, Rhode Island",3.4,90.8,1.1,0.1,2.7,0,0,0,1.9,100
0500000US45003,"Aiken County, South Carolina",5.9,65.8,25.6,0,0.8,0,0,0,1.9,100
0500000US45007,"Anderson County, South Carolina",4,77.1,14.7,0.2,1.2,0,0.1,0,2.6,99.9
0500000US45013,"Beaufort County, South Carolina",11.1,68.5,16.9,0.2,1.3,0,0.1,0,2,100.1
0500000US45015,"Berkeley County, South Carolina",7,62.6,23.8,0.3,2.3,0,0.7,0,3.2,99.9
0500000US45019,"Charleston County, South Carolina",5.3,65.2,24.9,0.1,1.8,0.4,0.2,0.1,2.1,100.1
0500000US45031,"Darlington County, South Carolina",2.2,N,N,N,N,N,N,N,N,2.2
0500000US45035,"Dorchester County, South Carolina",5.8,63.9,23.6,0.3,1.9,1.8,0,0,2.7,100
0500000US45041,"Florence County, South Carolina",2.8,51.2,43.8,0.2,1.4,0,0,0,0.6,100
0500000US45045,"Greenville County, South Carolina",9.5,67.8,17.1,0.3,2.5,0.3,0.3,0.2,2,100
0500000US45047,"Greenwood County, South Carolina",6.2,59.4,33,0.1,0.6,0,0,0,0.8,100.1
0500000US45051,"Horry County, South Carolina",6.1,77.4,12.5,0.2,1.5,0,0,0.2,2,99.9
0500000US45055,"Kershaw County, South Carolina",2,N,N,N,N,N,N,N,N,2
0500000US45057,"Lancaster County, South Carolina",5.9,70,20.2,0,1.6,0,0,0,2.3,100
0500000US45059,"Laurens County, South Carolina",5.3,67.7,21.9,0.1,0.5,0,0,0,4.5,100
0500000US45063,"Lexington County, South Carolina",6.3,74,14.8,0.3,2.1,0.1,0.1,0.1,2.1,99.9
0500000US45073,"Oconee County, South Carolina",5.8,84.1,6.7,0.2,0.9,0,0,0,2.3,100
0500000US45075,"Orangeburg County, South Carolina",2.4,N,N,N,N,N,N,N,N,2.4
0500000US45077,"Pickens County, South Carolina",3.9,85.2,7.4,0.2,2,0,0.1,0,1.2,100
0500000US45079,"Richland County, South Carolina",5.3,41.4,47.5,0.2,3,0,0.1,0.1,2.3,99.9
0500000US45083,"Spartanburg County, South Carolina",7.3,67.8,20.5,0.2,2.6,0,0,0.1,1.6,100.1
0500000US45085,"Sumter County, South Carolina",4.2,44.8,46.5,0.1,1.5,0,0,0,2.8,99.9
0500000US45091,"York County, South Carolina",5.9,69.7,19.1,0.9,2.5,0,0.3,0,1.5,99.9
0500000US46099,"Minnehaha County, South Dakota",5.1,82,6.2,1.4,1.9,0,0,0,3.3,99.9
0500000US46103,"Pennington County, South Dakota",5.4,79.8,1.7,8.3,1.1,0.1,0,0,3.7,100.1
0500000US47001,"Anderson County, Tennessee",3.2,88.7,4.3,0.4,1.6,0.4,0.2,0,1.2,100
0500000US47009,"Blount County, Tennessee",3.6,90.4,2.9,0.1,0.8,0,0.5,0,1.6,99.9
0500000US47011,"Bradley County, Tennessee",6.6,85,5.7,0.2,0.7,0,0,0.1,1.6,99.9
0500000US47037,"Davidson County, Tennessee",10.4,56,26.7,0.3,3.8,0.1,0.5,0.1,2.1,100
0500000US47059,"Greene County, Tennessee",3,N,N,N,N,N,N,N,N,3
0500000US47065,"Hamilton County, Tennessee",6,70.9,18.2,0.2,2,0.1,0.3,0.1,2.3,100.1
0500000US47093,"Knox County, Tennessee",4.6,81.8,8.2,0.4,2.1,0,0.3,0.1,2.5,100
0500000US47113,"Madison County, Tennessee",4.1,54.2,36.9,0.4,1.1,0,1.4,0,1.9,100
0500000US47119,"Maury County, Tennessee",6.2,N,N,N,N,N,N,N,N,6.2
0500000US47125,"Montgomery County, Tennessee",10.2,62,19.6,0.2,1.9,0.3,0.6,0.1,5,99.9
0500000US47141,"Putnam County, Tennessee",6.5,87.9,2.4,0,1.3,0,0,0,1.8,99.9
0500000US47147,"Robertson County, Tennessee",7.4,82.2,7.5,0.3,0.5,0,0.4,0,1.7,100
0500000US47149,"Rutherford County, Tennessee",8.7,68.9,14.8,0.1,3.8,0.1,0.1,0.1,3.4,100
0500000US47155,"Sevier County, Tennessee",6.4,N,N,N,N,N,N,N,N,6.4
0500000US47157,"Shelby County, Tennessee",6.6,35.2,53.7,0.1,2.8,0,0.1,0,1.5,100
0500000US47163,"Sullivan County, Tennessee",2,93.1,2,0.1,0.7,0,0,0,1.9,99.8
0500000US47165,"Sumner County, Tennessee",5.3,82.9,8.1,0.2,1.8,0.1,0.1,0,1.5,100
0500000US47179,"Washington County, Tennessee",3.6,88.2,3.8,1.3,1.7,0,0,0,1.4,100
0500000US47187,"Williamson County, Tennessee",4.9,83.7,3.7,0.1,4.6,0,0.1,0,2.9,100
0500000US47189,"Wilson County, Tennessee",4.6,83.5,6.7,0.5,1.9,0,0.6,0.2,2.1,100.1
0500000US48005,"Angelina County, Texas",22.7,N,N,N,N,N,N,N,N,22.7
0500000US48021,"Bastrop County, Texas",39.7,N,N,N,N,N,N,N,N,39.7
0500000US48027,"Bell County, Texas",25.6,44.5,22.4,0.3,2.8,0.7,0.1,0,3.6,100
0500000US48029,"Bexar County, Texas",60.7,27,7,0.2,2.9,0.1,0.2,0.1,1.8,100
0500000US48037,"Bowie County, Texas",7.8,63.1,24.3,1,0.8,0,0,0.1,2.9,100
0500000US48039,"Brazoria County, Texas",31.6,45.3,14.6,0.5,7,0,0.1,0,1,100.1
0500000US48041,"Brazos County, Texas",26.2,55.1,10.7,0,5.7,0.2,0,0.1,2,100
0500000US48061,"Cameron County, Texas",90,8.6,0.4,0.1,0.7,0,0,0.1,0.1,100
0500000US48085,"Collin County, Texas",15.5,55,10.3,0.3,16.2,0.1,0.1,0.1,2.3,99.9
0500000US48091,"Comal County, Texas",28.1,66.2,3.1,0.1,1.5,0.1,0.3,0,0.7,100.1
0500000US48099,"Coryell County, Texas",18.9,57.6,12.2,0.3,2.1,0.7,0,0,8.2,100
0500000US48113,"Dallas County, Texas",40.8,28.2,22.3,0.3,6.5,0,0.1,0.1,1.7,100
0500000US48121,"Denton County, Texas",19.6,57.6,9.9,0.3,9.6,0.1,0.2,0.1,2.6,100
0500000US48135,"Ector County, Texas",62.6,30.4,5.3,0.1,1.2,0,0,0,0.4,100
0500000US48139,"Ellis County, Texas",26.9,58.9,10.8,0.6,0.5,0,0,0.3,2,100
0500000US48141,"El Paso County, Texas",82.9,11.6,3,0.3,1.1,0,0.1,0.1,0.8,99.9
0500000US48157,"Fort Bend County, Texas",24.9,31.8,19.9,0.2,20.1,0.1,0.1,0.1,2.7,99.9
0500000US48167,"Galveston County, Texas",25.4,56.7,12.4,0.1,3.4,0,0,0,2,100
0500000US48181,"Grayson County, Texas",14.2,74.6,6,0.5,1.7,0,0,0,2.9,99.9
0500000US48183,"Gregg County, Texas",19.2,56.6,18.2,0.1,1.3,0,0.4,0.1,4.2,100.1
0500000US48187,"Guadalupe County, Texas",38.5,49.2,8,0.3,1.3,0,0.2,0,2.5,100
0500000US48201,"Harris County, Texas",43.7,28.5,18.5,0.2,7,0,0.3,0.1,1.6,99.9
0500000US48203,"Harrison County, Texas",13.6,63,17.9,0.9,1.2,0,0.1,0.1,3.2,100
0500000US48209,"Hays County, Texas",40.1,52.4,3.9,0.4,1.2,0,0.1,0,1.8,99.9
0500000US48213,"Henderson County, Texas",13.6,77.4,4.6,1,2.1,0,0,0,1.2,99.9
0500000US48215,"Hidalgo County, Texas",92.5,5.6,0.4,0.1,0.9,0,0.4,0,0.2,100.1
0500000US48231,"Hunt County, Texas",17.6,70.4,7.9,0.9,1,0,0,0,2.2,100
0500000US48245,"Jefferson County, Texas",22.1,39.4,33.1,0.4,3.9,0.3,0,0,0.8,100
0500000US48251,"Johnson County, Texas",22.6,69.9,4.4,0.4,1.1,0,0.1,0,1.4,99.9
0500000US48257,"Kaufman County, Texas",23.3,59.8,14.1,0.1,0.6,0,0,0,2.1,100
0500000US48291,"Liberty County, Texas",28.6,N,N,N,N,N,N,N,N,28.6
0500000US48303,"Lubbock County, Texas",36.3,52.4,6.5,0.3,2.1,0,0.3,0.1,2,100
0500000US48309,"McLennan County, Texas",27,55.3,13.6,0.4,1.4,0,0.1,0.2,2,100
0500000US48329,"Midland County, Texas",46,44,5.9,0.2,1.6,0.1,0,0,2.1,99.9
0500000US48339,"Montgomery County, Texas",25.2,64.3,5.1,0.2,3.1,0,0.1,0.1,2,100.1
0500000US48347,"Nacogdoches County, Texas",20,N,N,N,N,N,N,N,N,20
0500000US48355,"Nueces County, Texas",64.5,28.7,3.8,0.1,2.1,0,0,0,0.8,100
0500000US48361,"Orange County, Texas",8.5,N,N,N,N,N,N,N,N,8.5
0500000US48367,"Parker County, Texas",13,82.6,1,0.4,0.7,0.1,0,0,2.1,99.9
0500000US48375,"Potter County, Texas",39.1,43.2,10.2,0.7,5.7,0,0,0,1,99.9
0500000US48381,"Randall County, Texas",23.1,70,2.7,0.3,2,0.2,0,0,1.6,99.9
0500000US48397,"Rockwall County, Texas",18.6,68.8,7,0.1,3.3,0.2,0.7,0.2,1.2,100.1
0500000US48409,"San Patricio County, Texas",58.5,37.6,1.9,0,1,0,0,0,0.9,99.9
0500000US48423,"Smith County, Texas",20.1,59.1,17.7,0.2,1.7,0.1,0.1,0,1.1,100.1
0500000US48439,"Tarrant County, Texas",29.5,45.2,16.8,0.3,5.6,0.2,0.3,0.1,2.1,100.1
0500000US48441,"Taylor County, Texas",25,62.6,8.6,0.1,2.1,0,0.2,0,1.3,99.9
0500000US48451,"Tom Green County, Texas",40.7,52.4,3.9,0.3,1.2,0.1,0,0,1.3,99.9
0500000US48453,"Travis County, Texas",33.6,48.8,7.8,0.2,6.8,0,0.1,0,2.6,99.9
0500000US48469,"Victoria County, Texas",47.8,N,N,N,N,N,N,N,N,47.8
0500000US48471,"Walker County, Texas",18.1,N,N,N,N,N,N,N,N,18.1
0500000US48479,"Webb County, Texas",95.4,N,N,N,N,N,N,N,N,95.4
0500000US48485,"Wichita County, Texas",19.8,64.5,9.5,0.7,2.2,0.2,0.2,0,2.9,100
0500000US48491,"Williamson County, Texas",24.8,58,6.6,0.2,7.6,0,0,0.1,2.6,99.9
0500000US48497,"Wise County, Texas",20,N,N,N,N,N,N,N,N,20
0500000US49005,"Cache County, Utah",10.9,83.5,0.7,0.4,2.6,0,0,0,1.9,100
0500000US49011,"Davis County, Utah",10.2,83,1.1,0.4,1.9,0.8,0.2,0.1,2.3,100
0500000US49035,"Salt Lake County, Utah",18.8,70,1.9,0.7,4.1,1.5,0.3,0,2.6,99.9
0500000US49045,"Tooele County, Utah",12.9,N,N,N,N,N,N,N,N,12.9
0500000US49049,"Utah County, Utah",12.2,81.6,0.4,0.4,1.3,0.9,0.1,0,3,99.9
0500000US49053,"Washington County, Utah",10.9,83.8,0.8,0.8,0.7,0.2,0.5,0,2.2,99.9
0500000US49057,"Weber County, Utah",18.7,75.2,1,0.7,1.3,0.2,0.3,0.1,2.4,99.9
0500000US50007,"Chittenden County, Vermont",2.5,88.1,2.8,0.3,2.7,0.1,0.3,0,3.3,100.1
0500000US51003,"Albemarle County, Virginia",5.8,76.8,9,0.2,4.9,0.1,0.3,0.5,2.4,100
0500000US51013,"Arlington County, Virginia",15.6,61,9.3,0.2,10.2,0,0.3,0.2,3.3,100.1
0500000US51015,"Augusta County, Virginia",3.1,N,N,N,N,N,N,N,N,3.1
0500000US51019,"Bedford County, Virginia",2.4,N,N,N,N,N,N,N,N,2.4
0500000US51041,"Chesterfield County, Virginia",9.5,60.6,23.1,0.3,3.7,0.1,0.5,0,2.3,100.1
0500000US51059,"Fairfax County, Virginia",16.5,49.8,9.8,0.2,19.8,0.1,0.5,0,3.3,100
0500000US51061,"Fauquier County, Virginia",9.2,78.9,7.6,0.1,1.8,0,0.1,0.1,2.2,100
0500000US51069,"Frederick County, Virginia",9.3,82.3,4.8,0.2,1.5,0,0,0,1.9,100
0500000US51085,"Hanover County, Virginia",3.1,82.9,9.5,0,1.3,0,0.7,0,2.5,100
0500000US51087,"Henrico County, Virginia",6,52,30.1,0.2,8.5,0,0.1,0.1,3,100
0500000US51095,"James City County, Virginia",6.1,75.1,13.4,0,2.8,0,0.3,0,2.3,100
0500000US51107,"Loudoun County, Virginia",13.9,54.5,7.7,0.2,19.6,0.1,0.2,0.2,3.4,99.8
0500000US51121,"Montgomery County, Virginia",3.5,83.5,4.7,0.7,6.1,0,0.1,0.1,1.4,100.1
0500000US51153,"Prince William County, Virginia",24.5,41.4,20.3,0.3,8.9,0.1,0.2,0,4.4,100.1
0500000US51161,"Roanoke County, Virginia",3.3,84.9,6.4,0.3,3.7,0,0.2,0,1.1,99.9
0500000US51165,"Rockingham County, Virginia",7.4,N,N,N,N,N,N,N,N,7.4
0500000US51177,"Spotsylvania County, Virginia",10.7,66.5,16.1,0.3,2.2,0.1,0.2,0,3.9,100
0500000US51179,"Stafford County, Virginia",14.2,59.3,18.9,0.1,3.5,0,0.1,0.1,3.8,100
0500000US51199,"York County, Virginia",6.9,69.2,14.6,0,5.9,0.1,0.9,0,2.5,100.1
0500000US51510,"Alexandria city, Virginia",16.6,52.2,20.5,0.1,5.5,0,0.4,0.1,4.7,100.1
0500000US51550,"Chesapeake city, Virginia",6.6,56.5,29.4,0,3.5,0,0.2,0.1,3.6,99.9
0500000US51650,"Hampton city, Virginia",6.2,37.2,49.5,0,2.6,0.2,0.5,0.5,3.4,100.1
0500000US51680,"Lynchburg city, Virginia",4.5,62.2,28.1,0.3,1.8,0,0.1,0.3,2.8,100.1
0500000US51700,"Newport News city, Virginia",9.4,42.1,40.7,0.1,3.1,0.2,0.3,0.1,3.9,99.9
0500000US51710,"Norfolk city, Virginia",8.5,43.3,40.3,0.3,3.5,0,0.1,0.1,4,100.1
0500000US51740,"Portsmouth city, Virginia",4.7,37.1,53.5,0,1.2,0,0.3,0,3,99.8
0500000US51760,"Richmond city, Virginia",7.3,41.9,44.9,0.1,2,0,0.3,0.1,3.2,99.8
0500000US51770,"Roanoke city, Virginia",6.7,57.6,28.8,0,2.6,0,0.4,0,3.8,99.9
0500000US51800,"Suffolk city, Virginia",4.7,48.7,41.3,0,1.7,0,0.2,0,3.4,100
0500000US51810,"Virginia Beach city, Virginia",8.5,60.8,18.4,0.2,6.9,0.1,0.4,0.1,4.6,100
0500000US53005,"Benton County, Washington",22.6,69.1,1.7,0.7,2.2,0.1,0.3,0.1,3.2,100
0500000US53007,"Chelan County, Washington",28.2,67.6,1.6,0.7,0.5,0,0,0,1.3,99.9
0500000US53009,"Clallam County, Washington",6.6,82.4,0.2,5.9,1.6,0,0,0,3.3,100
0500000US53011,"Clark County, Washington",10.2,77.4,2,0.5,4.5,0.9,0.1,0,4.4,100
0500000US53015,"Cowlitz County, Washington",9.3,83.2,0.6,0.6,1.3,0.2,0,0,4.7,99.9
0500000US53021,"Franklin County, Washington",53.6,39.8,1.8,0.2,1.3,0.1,0.1,0,3.2,100.1
0500000US53025,"Grant County, Washington",42.2,53.3,0.2,1.8,0.8,0,0,0,1.8,100.1
0500000US53027,"Grays Harbor County, Washington",10.3,78.9,2.5,3.4,1.3,0.1,0.1,0,3.4,100
0500000US53029,"Island County, Washington",8.2,78.5,3.7,1.2,4.3,1.3,0,0,2.8,100
0500000US53033,"King County, Washington",9.9,57.8,6.6,0.6,18.8,0.7,0.3,0.1,5.2,100
0500000US53035,"Kitsap County, Washington",8.2,75.8,2.8,1,4.9,1,0.1,0.1,6.1,100
0500000US53041,"Lewis County, Washington",10.5,82.6,0.2,0.3,0.1,0.1,0,0.2,5.9,99.9
0500000US53045,"Mason County, Washington",10.6,79.7,0.3,1.9,0.9,0.1,0.1,0,6.4,100
0500000US53053,"Pierce County, Washington",11.4,65.6,6.5,0.9,6.2,1.3,0.2,0.1,7.7,99.9
0500000US53057,"Skagit County, Washington",18.6,74,0.7,1.8,2,0.1,0.2,0,2.7,100.1
0500000US53061,"Snohomish County, Washington",10.6,67.8,3.3,1,11.9,0.4,0.3,0.1,4.6,100
0500000US53063,"Spokane County, Washington",6.1,83.9,2.1,1.3,2.3,0.7,0,0.1,3.6,100.1
0500000US53067,"Thurston County, Washington",9.4,73.9,3.8,1.4,5.6,0.9,0.1,0.3,4.8,100.2
0500000US53073,"Whatcom County, Washington",9.8,78.1,0.8,2.2,3.8,0.3,0,0.4,4.5,99.9
0500000US53077,"Yakima County, Washington",50.2,42,1,3.2,1.1,0.5,0.3,0.1,1.7,100.1
0500000US54003,"Berkeley County, West Virginia",4.8,83.4,7.3,0.1,1.1,0,0,0.2,3.1,100
0500000US54011,"Cabell County, West Virginia",1.4,90,4.6,0,1.2,0,0,0,2.6,99.8
0500000US54033,"Harrison County, West Virginia",1.7,94,0.8,0,0.8,0.3,0,0,2.3,99.9
0500000US54039,"Kanawha County, West Virginia",1.2,87.5,6.7,0.5,1.3,0,0.1,0.1,2.6,100
0500000US54061,"Monongalia County, West Virginia",2.2,88.1,3.8,0,3.3,0,0.3,0,2.3,100
0500000US54081,"Raleigh County, West Virginia",1.7,N,N,N,N,N,N,N,N,1.7
0500000US54107,"Wood County, West Virginia",0.5,N,N,N,N,N,N,N,N,0.5
0500000US55009,"Brown County, Wisconsin",9,80.2,2.6,2.2,3.5,0,0.1,0,2.3,99.9
0500000US55025,"Dane County, Wisconsin",6.5,79.1,5,0.3,6,0.1,0.2,0,2.8,100
0500000US55027,"Dodge County, Wisconsin",5,89.6,3,0.5,0.5,0.1,0,0,1.3,100
0500000US55035,"Eau Claire County, Wisconsin",2.7,89.6,1.7,0.4,4,0.1,0,0,1.6,100.1
0500000US55039,"Fond du Lac County, Wisconsin",5.4,88.9,1.6,0.3,1.2,0.2,0.1,0,2.3,100
0500000US55055,"Jefferson County, Wisconsin",7.3,89.3,0.5,0.3,0.6,0,0,0,2,100
0500000US55059,"Kenosha County, Wisconsin",13.5,75.4,7.4,0.4,1.7,0.3,0,0.1,1.3,100.1
0500000US55063,"La Crosse County, Wisconsin",2.1,89.5,1.6,0.4,4.6,0.1,0,0,1.7,100
0500000US55071,"Manitowoc County, Wisconsin",4.4,89.8,1.1,0.8,3.2,0,0,0,0.8,100.1
0500000US55073,"Marathon County, Wisconsin",3,88.2,0.2,0.3,5.8,0.1,0,0,2.3,99.9
0500000US55079,"Milwaukee County, Wisconsin",15.6,50.4,26,0.5,4.2,0,0.4,0.1,2.8,100
0500000US55087,"Outagamie County, Wisconsin",4.6,87,1.2,1.2,3.7,0.1,0,0.1,2.1,100
0500000US55089,"Ozaukee County, Wisconsin",3.1,91,0.6,0.1,2.2,0,0,0,3,100
0500000US55097,"Portage County, Wisconsin",3.4,90.9,1.2,0.4,3.4,0,0,0,0.7,100
0500000US55101,"Racine County, Wisconsin",13.6,71.1,11.2,0.5,1.3,0,0.3,0.1,1.8,99.9
0500000US55105,"Rock County, Wisconsin",9.1,82.3,4.6,0,1.2,0,0,0,2.7,99.9
0500000US55109,"St. Croix County, Wisconsin",2.6,93.6,0.8,0,1,0,0,0,1.9,99.9
0500000US55117,"Sheboygan County, Wisconsin",6.7,83.5,2,0.5,5.9,0,0,0,1.3,99.9
0500000US55127,"Walworth County, Wisconsin",11.2,85.3,1.4,0.3,0.4,0,0,0,1.4,100
0500000US55131,"Washington County, Wisconsin",3.3,92.5,1.6,0,1.9,0,0,0,0.6,99.9
0500000US55133,"Waukesha County, Wisconsin",4.9,88,1.6,0.2,3.8,0.1,0,0.1,1.3,100
0500000US55139,"Winnebago County, Wisconsin",4.4,88,2.3,0.6,2.7,0.6,0,0,1.5,100.1
0500000US55141,"Wood County, Wisconsin",3.2,92,0.9,0.5,2,0,0,0,1.4,100
0500000US56021,"Laramie County, Wyoming",14.9,78.6,1.4,1.2,1,0.2,0,0,2.7,100
0500000US56025,"Natrona County, Wyoming",8.7,86.1,1.2,1,1,0,0.1,0.1,1.8,100
0500000US72013,"Arecibo Municipio, Puerto Rico",99,N,N,N,N,N,N,N,N,99
0500000US72021,"Bayam√≥n Municipio, Puerto Rico",98.3,1,0.2,0,0.2,0,0,0,0.4,100.1
0500000US72025,"Caguas Municipio, Puerto Rico",97.7,N,N,N,N,N,N,N,N,97.7
0500000US72031,"Carolina Municipio, Puerto Rico",99,N,N,N,N,N,N,N,N,99
0500000US72061,"Guaynabo Municipio, Puerto Rico",98.4,N,N,N,N,N,N,N,N,98.4
0500000US72097,"Mayag√ºez Municipio, Puerto Rico",99.1,N,N,N,N,N,N,N,N,99.1
0500000US72113,"Ponce Municipio, Puerto Rico",98.7,N,N,N,N,N,N,N,N,98.7
0500000US72127,"San Juan Municipio, Puerto Rico",97.1,2.5,0.1,0,0.3,0,0,0,0,100
0500000US72135,"Toa Alta Municipio, Puerto Rico",97.6,N,N,N,N,N,N,N,N,97.6
0500000US72137,"Toa Baja Municipio, Puerto Rico",97.9,N,N,N,N,N,N,N,N,97.9
0500000US72139,"Trujillo Alto Municipio, Puerto Rico",98.8,N,N,N,N,N,N,N,N,98.8